INVOICE;VIN_NUMBER;BL_NUMBER;MODEL_CODE;POL;POD;VESSEL;INCOTERM
67027806;9BWKB45ZX84035124;;5Z1HF4;S-O SEBAST;ZARATE;SOUTHERN ACE;FOB
67027806;9BWKB45Z084035116;;5Z1HF4;S-O SEBAST;ZARATE;SOUTHERN ACE;FOB
67027806;9BWKB45Z084035570;;5Z1HF4;S-O SEBAST;ZARATE;SOUTHERN ACE;FOB
67027806;9BWKB45Z184034976;;5Z1HF4;S-O SEBAST;ZARATE;SOUTHERN ACE;FOB
67027806;9BWKB45Z384034820;;5Z1HF4;S-O SEBAST;ZARATE;SOUTHERN ACE;FOB
67027806;9BWKB45Z384035546;;5Z1HF4;S-O SEBAST;ZARATE;SOUTHERN ACE;FOB
67027806;9BWKB45Z484035197;;5Z1HF4;S-O SEBAST;ZARATE;SOUTHERN ACE;FOB
67027806;9BWKB45Z584034964;;5Z1HF4;S-O SEBAST;ZARATE;SOUTHERN ACE;FOB
67027806;9BWKB45Z584035435;;5Z1HF4;S-O SEBAST;ZARATE;SOUTHERN ACE;FOB
67027806;9BWCA01J184005882;;9B32F4;S-O SEBAST;ZARATE;SOUTHERN ACE;FOB
67027806;9BWCA01J484006895;;9B32F4;S-O SEBAST;ZARATE;SOUTHERN ACE;FOB
67027806;9BWCA01J584005853;;9B32F4;S-O SEBAST;ZARATE;SOUTHERN ACE;FOB
67027806;9BWCA41J384007009;;9B32F4;S-O SEBAST;ZARATE;SOUTHERN ACE;FOB
67027806;9BWCA41J584006900;;9B32F4;S-O SEBAST;ZARATE;SOUTHERN ACE;FOB
67027806;9BWCA41J684006453;;9B32F4;S-O SEBAST;ZARATE;SOUTHERN ACE;FOB
67027806;9BWCA41J884006888;;9B32F4;S-O SEBAST;ZARATE;SOUTHERN ACE;FOB
67027807;9BWKB05ZX84036346;;5Z11F4;S-O SEBAST;ZARATE;SOUTHERN ACE;FOB
67027807;9BWKB05ZX84036864;;5Z11F4;S-O SEBAST;ZARATE;SOUTHERN ACE;FOB
67027807;9BWKB05ZX84036959;;5Z11F4;S-O SEBAST;ZARATE;SOUTHERN ACE;FOB
67027807;9BWKB05Z084033259;;5Z11F4;S-O SEBAST;ZARATE;SOUTHERN ACE;FOB
67027807;9BWKB05Z084036971;;5Z11F4;S-O SEBAST;ZARATE;SOUTHERN ACE;FOB
67027807;9BWKB05Z084037201;;5Z11F4;S-O SEBAST;ZARATE;SOUTHERN ACE;FOB
67027807;9BWKB05Z184036963;;5Z11F4;S-O SEBAST;ZARATE;SOUTHERN ACE;FOB
67027807;9BWKB05Z184037420;;5Z11F4;S-O SEBAST;ZARATE;SOUTHERN ACE;FOB
67027807;9BWKB05Z284033053;;5Z11F4;S-O SEBAST;ZARATE;SOUTHERN ACE;FOB
67027807;9BWKB05Z284036227;;5Z11F4;S-O SEBAST;ZARATE;SOUTHERN ACE;FOB
67027807;9BWKB05Z284036826;;5Z11F4;S-O SEBAST;ZARATE;SOUTHERN ACE;FOB
67027807;9BWKB05Z284036924;;5Z11F4;S-O SEBAST;ZARATE;SOUTHERN ACE;FOB
67027807;9BWKB05Z384037435;;5Z11F4;S-O SEBAST;ZARATE;SOUTHERN ACE;FOB
67027807;9BWKB05Z484036620;;5Z11F4;S-O SEBAST;ZARATE;SOUTHERN ACE;FOB
67027807;9BWKB05Z484037010;;5Z11F4;S-O SEBAST;ZARATE;SOUTHERN ACE;FOB
67027807;9BWKB05Z584036920;;5Z11F4;S-O SEBAST;ZARATE;SOUTHERN ACE;FOB
67027807;9BWKB05Z584036951;;5Z11F4;S-O SEBAST;ZARATE;SOUTHERN ACE;FOB
67027807;9BWKB05Z584037002;;5Z11F4;S-O SEBAST;ZARATE;SOUTHERN ACE;FOB
67027807;9BWKB05Z684036926;;5Z11F4;S-O SEBAST;ZARATE;SOUTHERN ACE;FOB
67027807;9BWKB05Z684037042;;5Z11F4;S-O SEBAST;ZARATE;SOUTHERN ACE;FOB
67027807;9BWKB05Z784036949;;5Z11F4;S-O SEBAST;ZARATE;SOUTHERN ACE;FOB
67027807;9BWKB05Z784037048;;5Z11F4;S-O SEBAST;ZARATE;SOUTHERN ACE;FOB
67027807;9BWKB05Z784037132;;5Z11F4;S-O SEBAST;ZARATE;SOUTHERN ACE;FOB
67027807;9BWKB05Z784037390;;5Z11F4;S-O SEBAST;ZARATE;SOUTHERN ACE;FOB
67027807;9BWKB05Z884035745;;5Z11F4;S-O SEBAST;ZARATE;SOUTHERN ACE;FOB
67027807;9BWKB05Z984036953;;5Z11F4;S-O SEBAST;ZARATE;SOUTHERN ACE;FOB
67027807;9BWKB05Z984036967;;5Z11F4;S-O SEBAST;ZARATE;SOUTHERN ACE;FOB
67027807;9BWKB05Z984037097;;5Z11F4;S-O SEBAST;ZARATE;SOUTHERN ACE;FOB
67027807;9BWKB45ZX84036497;;5Z11F4;S-O SEBAST;ZARATE;SOUTHERN ACE;FOB
67027807;9BWKB45ZX84036936;;5Z11F4;S-O SEBAST;ZARATE;SOUTHERN ACE;FOB
67027807;9BWKB45Z084037061;;5Z11F4;S-O SEBAST;ZARATE;SOUTHERN ACE;FOB
67027807;9BWKB45Z184036355;;5Z11F4;S-O SEBAST;ZARATE;SOUTHERN ACE;FOB
67027807;9BWKB45Z184037411;;5Z11F4;S-O SEBAST;ZARATE;SOUTHERN ACE;FOB
67027807;9BWKB45Z284036302;;5Z11F4;S-O SEBAST;ZARATE;SOUTHERN ACE;FOB
67027807;9BWKB45Z384036387;;5Z11F4;S-O SEBAST;ZARATE;SOUTHERN ACE;FOB
67027807;9BWKB45Z484036298;;5Z11F4;S-O SEBAST;ZARATE;SOUTHERN ACE;FOB
67027807;9BWKB45Z484036379;;5Z11F4;S-O SEBAST;ZARATE;SOUTHERN ACE;FOB
67027807;9BWKB45Z484036480;;5Z11F4;S-O SEBAST;ZARATE;SOUTHERN ACE;FOB
67027807;9BWKB45Z584036956;;5Z11F4;S-O SEBAST;ZARATE;SOUTHERN ACE;FOB
67027807;9BWKB45Z684036187;;5Z11F4;S-O SEBAST;ZARATE;SOUTHERN ACE;FOB
67027807;9BWKB45Z684036383;;5Z11F4;S-O SEBAST;ZARATE;SOUTHERN ACE;FOB
67027807;9BWKB45Z784036375;;5Z11F4;S-O SEBAST;ZARATE;SOUTHERN ACE;FOB
67027807;9BWKB45Z784036893;;5Z11F4;S-O SEBAST;ZARATE;SOUTHERN ACE;FOB
67027807;9BWKB45Z884036353;;5Z11F4;S-O SEBAST;ZARATE;SOUTHERN ACE;FOB
67027807;9BWKB45Z884036367;;5Z11F4;S-O SEBAST;ZARATE;SOUTHERN ACE;FOB
67027807;9BWKB45Z884036546;;5Z11F4;S-O SEBAST;ZARATE;SOUTHERN ACE;FOB
67027808;9BWKB45ZX84036905;;5Z1HF4;S-O SEBAST;ZARATE;SOUTHERN ACE;FOB
67027808;9BWKB45Z084034824;;5Z1HF4;S-O SEBAST;ZARATE;SOUTHERN ACE;FOB
67027808;9BWKB45Z084035567;;5Z1HF4;S-O SEBAST;ZARATE;SOUTHERN ACE;FOB
67027808;9BWKB45Z084036315;;5Z1HF4;S-O SEBAST;ZARATE;SOUTHERN ACE;FOB
67027808;9BWKB45Z084036881;;5Z1HF4;S-O SEBAST;ZARATE;SOUTHERN ACE;FOB
67027808;9BWKB45Z184036226;;5Z1HF4;S-O SEBAST;ZARATE;SOUTHERN ACE;FOB
67027808;9BWKB45Z184036517;;5Z1HF4;S-O SEBAST;ZARATE;SOUTHERN ACE;FOB
67027808;9BWKB45Z184036811;;5Z1HF4;S-O SEBAST;ZARATE;SOUTHERN ACE;FOB
67027808;9BWKB45Z284035134;;5Z1HF4;S-O SEBAST;ZARATE;SOUTHERN ACE;FOB
67027808;9BWKB45Z284036218;;5Z1HF4;S-O SEBAST;ZARATE;SOUTHERN ACE;FOB
67027808;9BWKB45Z284036865;;5Z1HF4;S-O SEBAST;ZARATE;SOUTHERN ACE;FOB
67027808;9BWKB45Z284036915;;5Z1HF4;S-O SEBAST;ZARATE;SOUTHERN ACE;FOB
67027808;9BWKB45Z384036244;;5Z1HF4;S-O SEBAST;ZARATE;SOUTHERN ACE;FOB
67027808;9BWKB45Z384036969;;5Z1HF4;S-O SEBAST;ZARATE;SOUTHERN ACE;FOB
67027808;9BWKB45Z484035569;;5Z1HF4;S-O SEBAST;ZARATE;SOUTHERN ACE;FOB
67027808;9BWKB45Z484036222;;5Z1HF4;S-O SEBAST;ZARATE;SOUTHERN ACE;FOB
67027808;9BWKB45Z484036236;;5Z1HF4;S-O SEBAST;ZARATE;SOUTHERN ACE;FOB
67027808;9BWKB45Z484036317;;5Z1HF4;S-O SEBAST;ZARATE;SOUTHERN ACE;FOB
67027808;9BWKB45Z584034799;;5Z1HF4;S-O SEBAST;ZARATE;SOUTHERN ACE;FOB
67027808;9BWKB45Z584036259;;5Z1HF4;S-O SEBAST;ZARATE;SOUTHERN ACE;FOB
67027808;9BWKB45Z584036889;;5Z1HF4;S-O SEBAST;ZARATE;SOUTHERN ACE;FOB
67027808;9BWKB45Z684036240;;5Z1HF4;S-O SEBAST;ZARATE;SOUTHERN ACE;FOB
67027808;9BWKB45Z684036254;;5Z1HF4;S-O SEBAST;ZARATE;SOUTHERN ACE;FOB
67027808;9BWKB45Z684036321;;5Z1HF4;S-O SEBAST;ZARATE;SOUTHERN ACE;FOB
67027808;9BWKB45Z684036917;;5Z1HF4;S-O SEBAST;ZARATE;SOUTHERN ACE;FOB
67027808;9BWKB45Z684036996;;5Z1HF4;S-O SEBAST;ZARATE;SOUTHERN ACE;FOB
67027808;9BWKB45Z784036909;;5Z1HF4;S-O SEBAST;ZARATE;SOUTHERN ACE;FOB
67027808;9BWKB45Z884035557;;5Z1HF4;S-O SEBAST;ZARATE;SOUTHERN ACE;FOB
67027808;9BWKB45Z884036837;;5Z1HF4;S-O SEBAST;ZARATE;SOUTHERN ACE;FOB
67027808;9BWKB45Z884037275;;5Z1HF4;S-O SEBAST;ZARATE;SOUTHERN ACE;FOB
67027808;9BWKB45Z984036233;;5Z1HF4;S-O SEBAST;ZARATE;SOUTHERN ACE;FOB
67027808;9BWKB45Z984036510;;5Z1HF4;S-O SEBAST;ZARATE;SOUTHERN ACE;FOB
67027808;9BWKB45Z984036877;;5Z1HF4;S-O SEBAST;ZARATE;SOUTHERN ACE;FOB
67027809;9BWKB05ZX84035892;;5Z14F4;S-O SEBAST;ZARATE;SOUTHERN ACE;FOB
67027809;9BWKB05Z184034470;;5Z14F4;S-O SEBAST;ZARATE;SOUTHERN ACE;FOB
67027809;9BWKB05Z384034549;;5Z14F4;S-O SEBAST;ZARATE;SOUTHERN ACE;FOB
67027809;9BWKB05Z784035655;;5Z14F4;S-O SEBAST;ZARATE;SOUTHERN ACE;FOB
67027809;9BWKB05Z884035700;;5Z14F4;S-O SEBAST;ZARATE;SOUTHERN ACE;FOB
67027809;9BWKB05Z884036491;;5Z14F4;S-O SEBAST;ZARATE;SOUTHERN ACE;FOB
67027809;9BWKB05Z984036838;;5Z14F4;S-O SEBAST;ZARATE;SOUTHERN ACE;FOB
67027809;9BWKB45Z684036061;;5Z14F4;S-O SEBAST;ZARATE;SOUTHERN ACE;FOB
67027813;9BWCB05WX8T048402;;5W10D4;S-O SEBAST;ZARATE;SOUTHERN ACE;FOB
67027813;9BWCB05WX8T048495;;5W10D4;S-O SEBAST;ZARATE;SOUTHERN ACE;FOB
67027813;9BWCB05WX8T048951;;5W10D4;S-O SEBAST;ZARATE;SOUTHERN ACE;FOB
67027813;9BWCB05WX8T049162;;5W10D4;S-O SEBAST;ZARATE;SOUTHERN ACE;FOB
67027813;9BWCB05WX8T049193;;5W10D4;S-O SEBAST;ZARATE;SOUTHERN ACE;FOB
67027813;9BWCB05WX8T049601;;5W10D4;S-O SEBAST;ZARATE;SOUTHERN ACE;FOB
67027813;9BWCB05WX8T049663;;5W10D4;S-O SEBAST;ZARATE;SOUTHERN ACE;FOB
67027813;9BWCB05WX8T049761;;5W10D4;S-O SEBAST;ZARATE;SOUTHERN ACE;FOB
67027813;9BWCB05WX8T049968;;5W10D4;S-O SEBAST;ZARATE;SOUTHERN ACE;FOB
67027813;9BWCB05WX8T050134;;5W10D4;S-O SEBAST;ZARATE;SOUTHERN ACE;FOB
67027813;9BWCB05WX8T050540;;5W10D4;S-O SEBAST;ZARATE;SOUTHERN ACE;FOB
67027813;9BWCB05WX8T050795;;5W10D4;S-O SEBAST;ZARATE;SOUTHERN ACE;FOB
67027813;9BWCB05WX8T051137;;5W10D4;S-O SEBAST;ZARATE;SOUTHERN ACE;FOB
67027813;9BWCB05WX8T051154;;5W10D4;S-O SEBAST;ZARATE;SOUTHERN ACE;FOB
67027813;9BWCB05WX8T051171;;5W10D4;S-O SEBAST;ZARATE;SOUTHERN ACE;FOB
67027813;9BWCB05WX8T051249;;5W10D4;S-O SEBAST;ZARATE;SOUTHERN ACE;FOB
67027813;9BWCB05W08T048330;;5W10D4;S-O SEBAST;ZARATE;SOUTHERN ACE;FOB
67027813;9BWCB05W08T049039;;5W10D4;S-O SEBAST;ZARATE;SOUTHERN ACE;FOB
67027813;9BWCB05W08T049154;;5W10D4;S-O SEBAST;ZARATE;SOUTHERN ACE;FOB
67027813;9BWCB05W08T049302;;5W10D4;S-O SEBAST;ZARATE;SOUTHERN ACE;FOB
67027813;9BWCB05W08T049638;;5W10D4;S-O SEBAST;ZARATE;SOUTHERN ACE;FOB
67027813;9BWCB05W08T049719;;5W10D4;S-O SEBAST;ZARATE;SOUTHERN ACE;FOB
67027813;9BWCB05W08T050000;;5W10D4;S-O SEBAST;ZARATE;SOUTHERN ACE;FOB
67027813;9BWCB05W08T050014;;5W10D4;S-O SEBAST;ZARATE;SOUTHERN ACE;FOB
67027813;9BWCB05W08T050160;;5W10D4;S-O SEBAST;ZARATE;SOUTHERN ACE;FOB
67027813;9BWCB05W08T050238;;5W10D4;S-O SEBAST;ZARATE;SOUTHERN ACE;FOB
67027813;9BWCB05W08T050367;;5W10D4;S-O SEBAST;ZARATE;SOUTHERN ACE;FOB
67027813;9BWCB05W08T050563;;5W10D4;S-O SEBAST;ZARATE;SOUTHERN ACE;FOB
67027813;9BWCB05W08T050577;;5W10D4;S-O SEBAST;ZARATE;SOUTHERN ACE;FOB
67027813;9BWCB05W08T050627;;5W10D4;S-O SEBAST;ZARATE;SOUTHERN ACE;FOB
67027813;9BWCB05W08T050742;;5W10D4;S-O SEBAST;ZARATE;SOUTHERN ACE;FOB
67027813;9BWCB05W08T051163;;5W10D4;S-O SEBAST;ZARATE;SOUTHERN ACE;FOB
67027813;9BWCB05W08T051535;;5W10D4;S-O SEBAST;ZARATE;SOUTHERN ACE;FOB
67027813;9BWCB05W08T051938;;5W10D4;S-O SEBAST;ZARATE;SOUTHERN ACE;FOB
67027813;9BWCB05W18T048577;;5W10D4;S-O SEBAST;ZARATE;SOUTHERN ACE;FOB
67027813;9BWCB05W18T048823;;5W10D4;S-O SEBAST;ZARATE;SOUTHERN ACE;FOB
67027813;9BWCB05W18T048952;;5W10D4;S-O SEBAST;ZARATE;SOUTHERN ACE;FOB
67027813;9BWCB05W18T049051;;5W10D4;S-O SEBAST;ZARATE;SOUTHERN ACE;FOB
67027813;9BWCB05W18T049535;;5W10D4;S-O SEBAST;ZARATE;SOUTHERN ACE;FOB
67027813;9BWCB05W18T049549;;5W10D4;S-O SEBAST;ZARATE;SOUTHERN ACE;FOB
67027813;9BWCB05W18T049566;;5W10D4;S-O SEBAST;ZARATE;SOUTHERN ACE;FOB
67027813;9BWCB05W18T049633;;5W10D4;S-O SEBAST;ZARATE;SOUTHERN ACE;FOB
67027813;9BWCB05W18T049745;;5W10D4;S-O SEBAST;ZARATE;SOUTHERN ACE;FOB
67027813;9BWCB05W18T049941;;5W10D4;S-O SEBAST;ZARATE;SOUTHERN ACE;FOB
67027813;9BWCB05W18T050099;;5W10D4;S-O SEBAST;ZARATE;SOUTHERN ACE;FOB
67027813;9BWCB05W18T050233;;5W10D4;S-O SEBAST;ZARATE;SOUTHERN ACE;FOB
67027813;9BWCB05W18T050460;;5W10D4;S-O SEBAST;ZARATE;SOUTHERN ACE;FOB
67027813;9BWCB05W18T050541;;5W10D4;S-O SEBAST;ZARATE;SOUTHERN ACE;FOB
67027813;9BWCB05W18T050622;;5W10D4;S-O SEBAST;ZARATE;SOUTHERN ACE;FOB
67027813;9BWCB05W18T050880;;5W10D4;S-O SEBAST;ZARATE;SOUTHERN ACE;FOB
67027813;9BWCB05W18T051138;;5W10D4;S-O SEBAST;ZARATE;SOUTHERN ACE;FOB
67027813;9BWCB05W18T051222;;5W10D4;S-O SEBAST;ZARATE;SOUTHERN ACE;FOB
67027813;9BWCB05W28T048300;;5W10D4;S-O SEBAST;ZARATE;SOUTHERN ACE;FOB
67027813;9BWCB05W28T048359;;5W10D4;S-O SEBAST;ZARATE;SOUTHERN ACE;FOB
67027813;9BWCB05W28T049110;;5W10D4;S-O SEBAST;ZARATE;SOUTHERN ACE;FOB
67027813;9BWCB05W28T049530;;5W10D4;S-O SEBAST;ZARATE;SOUTHERN ACE;FOB
67027813;9BWCB05W28T050242;;5W10D4;S-O SEBAST;ZARATE;SOUTHERN ACE;FOB
67027813;9BWCB05W28T050404;;5W10D4;S-O SEBAST;ZARATE;SOUTHERN ACE;FOB
67027813;9BWCB05W28T050421;;5W10D4;S-O SEBAST;ZARATE;SOUTHERN ACE;FOB
67027813;9BWCB05W28T050533;;5W10D4;S-O SEBAST;ZARATE;SOUTHERN ACE;FOB
67027813;9BWCB05W28T050841;;5W10D4;S-O SEBAST;ZARATE;SOUTHERN ACE;FOB
67027813;9BWCB05W28T050922;;5W10D4;S-O SEBAST;ZARATE;SOUTHERN ACE;FOB
67027813;9BWCB05W38T048435;;5W10D4;S-O SEBAST;ZARATE;SOUTHERN ACE;FOB
67027813;9BWCB05W38T048760;;5W10D4;S-O SEBAST;ZARATE;SOUTHERN ACE;FOB
67027813;9BWCB05W38T048936;;5W10D4;S-O SEBAST;ZARATE;SOUTHERN ACE;FOB
67027813;9BWCB05W38T049133;;5W10D4;S-O SEBAST;ZARATE;SOUTHERN ACE;FOB
67027813;9BWCB05W38T049536;;5W10D4;S-O SEBAST;ZARATE;SOUTHERN ACE;FOB
67027813;9BWCB05W38T049584;;5W10D4;S-O SEBAST;ZARATE;SOUTHERN ACE;FOB
67027813;9BWCB05W38T049617;;5W10D4;S-O SEBAST;ZARATE;SOUTHERN ACE;FOB
67027813;9BWCB05W38T049732;;5W10D4;S-O SEBAST;ZARATE;SOUTHERN ACE;FOB
67027813;9BWCB05W38T050136;;5W10D4;S-O SEBAST;ZARATE;SOUTHERN ACE;FOB
67027813;9BWCB05W38T050234;;5W10D4;S-O SEBAST;ZARATE;SOUTHERN ACE;FOB
67027813;9BWCB05W38T050248;;5W10D4;S-O SEBAST;ZARATE;SOUTHERN ACE;FOB
67027813;9BWCB05W38T050363;;5W10D4;S-O SEBAST;ZARATE;SOUTHERN ACE;FOB
67027813;9BWCB05W38T050377;;5W10D4;S-O SEBAST;ZARATE;SOUTHERN ACE;FOB
67027813;9BWCB05W38T050394;;5W10D4;S-O SEBAST;ZARATE;SOUTHERN ACE;FOB
67027813;9BWCB05W38T050900;;5W10D4;S-O SEBAST;ZARATE;SOUTHERN ACE;FOB
67027813;9BWCB05W38T050962;;5W10D4;S-O SEBAST;ZARATE;SOUTHERN ACE;FOB
67027813;9BWCB05W38T051206;;5W10D4;S-O SEBAST;ZARATE;SOUTHERN ACE;FOB
67027813;9BWCB05W38T051500;;5W10D4;S-O SEBAST;ZARATE;SOUTHERN ACE;FOB
67027813;9BWCB05W48T048606;;5W10D4;S-O SEBAST;ZARATE;SOUTHERN ACE;FOB
67027813;9BWCB05W48T048881;;5W10D4;S-O SEBAST;ZARATE;SOUTHERN ACE;FOB
67027813;9BWCB05W48T049366;;5W10D4;S-O SEBAST;ZARATE;SOUTHERN ACE;FOB
67027813;9BWCB05W48T049500;;5W10D4;S-O SEBAST;ZARATE;SOUTHERN ACE;FOB
67027813;9BWCB05W48T049724;;5W10D4;S-O SEBAST;ZARATE;SOUTHERN ACE;FOB
67027813;9BWCB05W48T049870;;5W10D4;S-O SEBAST;ZARATE;SOUTHERN ACE;FOB
67027813;9BWCB05W48T050033;;5W10D4;S-O SEBAST;ZARATE;SOUTHERN ACE;FOB
67027813;9BWCB05W48T050274;;5W10D4;S-O SEBAST;ZARATE;SOUTHERN ACE;FOB
67027813;9BWCB05W48T050291;;5W10D4;S-O SEBAST;ZARATE;SOUTHERN ACE;FOB
67027813;9BWCB05W48T050372;;5W10D4;S-O SEBAST;ZARATE;SOUTHERN ACE;FOB
67027813;9BWCB05W48T050405;;5W10D4;S-O SEBAST;ZARATE;SOUTHERN ACE;FOB
67027813;9BWCB05W48T051151;;5W10D4;S-O SEBAST;ZARATE;SOUTHERN ACE;FOB
67027813;9BWCB05W58T048632;;5W10D4;S-O SEBAST;ZARATE;SOUTHERN ACE;FOB
67027813;9BWCB05W58T048677;;5W10D4;S-O SEBAST;ZARATE;SOUTHERN ACE;FOB
67027813;9BWCB05W58T048727;;5W10D4;S-O SEBAST;ZARATE;SOUTHERN ACE;FOB
67027813;9BWCB05W58T048730;;5W10D4;S-O SEBAST;ZARATE;SOUTHERN ACE;FOB
67027813;9BWCB05W58T048808;;5W10D4;S-O SEBAST;ZARATE;SOUTHERN ACE;FOB
67027813;9BWCB05W58T048971;;5W10D4;S-O SEBAST;ZARATE;SOUTHERN ACE;FOB
67027813;9BWCB05W58T049019;;5W10D4;S-O SEBAST;ZARATE;SOUTHERN ACE;FOB
67027813;9BWCB05W58T049229;;5W10D4;S-O SEBAST;ZARATE;SOUTHERN ACE;FOB
67027813;9BWCB05W58T049277;;5W10D4;S-O SEBAST;ZARATE;SOUTHERN ACE;FOB
67027813;9BWCB05W58T049392;;5W10D4;S-O SEBAST;ZARATE;SOUTHERN ACE;FOB
67027813;9BWCB05W58T049490;;5W10D4;S-O SEBAST;ZARATE;SOUTHERN ACE;FOB
67027813;9BWCB05W58T049585;;5W10D4;S-O SEBAST;ZARATE;SOUTHERN ACE;FOB
67027813;9BWCB05W58T049747;;5W10D4;S-O SEBAST;ZARATE;SOUTHERN ACE;FOB
67027813;9BWCB05W58T049764;;5W10D4;S-O SEBAST;ZARATE;SOUTHERN ACE;FOB
67027813;9BWCB05W58T049814;;5W10D4;S-O SEBAST;ZARATE;SOUTHERN ACE;FOB
67027813;9BWCB05W58T050008;;5W10D4;S-O SEBAST;ZARATE;SOUTHERN ACE;FOB
67027813;9BWCB05W58T050252;;5W10D4;S-O SEBAST;ZARATE;SOUTHERN ACE;FOB
67027813;9BWCB05W58T050266;;5W10D4;S-O SEBAST;ZARATE;SOUTHERN ACE;FOB
67027813;9BWCB05W58T050364;;5W10D4;S-O SEBAST;ZARATE;SOUTHERN ACE;FOB
67027813;9BWCB05W58T050381;;5W10D4;S-O SEBAST;ZARATE;SOUTHERN ACE;FOB
67027813;9BWCB05W58T050879;;5W10D4;S-O SEBAST;ZARATE;SOUTHERN ACE;FOB
67027813;9BWCB05W58T051188;;5W10D4;S-O SEBAST;ZARATE;SOUTHERN ACE;FOB
67027813;9BWCB05W68T048557;;5W10D4;S-O SEBAST;ZARATE;SOUTHERN ACE;FOB
67027813;9BWCB05W68T048669;;5W10D4;S-O SEBAST;ZARATE;SOUTHERN ACE;FOB
67027813;9BWCB05W68T048848;;5W10D4;S-O SEBAST;ZARATE;SOUTHERN ACE;FOB
67027813;9BWCB05W68T049076;;5W10D4;S-O SEBAST;ZARATE;SOUTHERN ACE;FOB
67027813;9BWCB05W68T049188;;5W10D4;S-O SEBAST;ZARATE;SOUTHERN ACE;FOB
67027813;9BWCB05W68T049370;;5W10D4;S-O SEBAST;ZARATE;SOUTHERN ACE;FOB
67027813;9BWCB05W68T049692;;5W10D4;S-O SEBAST;ZARATE;SOUTHERN ACE;FOB
67027813;9BWCB05W68T050146;;5W10D4;S-O SEBAST;ZARATE;SOUTHERN ACE;FOB
67027813;9BWCB05W68T050292;;5W10D4;S-O SEBAST;ZARATE;SOUTHERN ACE;FOB
67027813;9BWCB05W68T050504;;5W10D4;S-O SEBAST;ZARATE;SOUTHERN ACE;FOB
67027813;9BWCB05W68T050597;;5W10D4;S-O SEBAST;ZARATE;SOUTHERN ACE;FOB
67027813;9BWCB05W68T050616;;5W10D4;S-O SEBAST;ZARATE;SOUTHERN ACE;FOB
67027813;9BWCB05W68T050681;;5W10D4;S-O SEBAST;ZARATE;SOUTHERN ACE;FOB
67027813;9BWCB05W68T050809;;5W10D4;S-O SEBAST;ZARATE;SOUTHERN ACE;FOB
67027813;9BWCB05W68T051832;;5W10D4;S-O SEBAST;ZARATE;SOUTHERN ACE;FOB
67027813;9BWCB05W78T048292;;5W10D4;S-O SEBAST;ZARATE;SOUTHERN ACE;FOB
67027813;9BWCB05W78T048552;;5W10D4;S-O SEBAST;ZARATE;SOUTHERN ACE;FOB
67027813;9BWCB05W78T048695;;5W10D4;S-O SEBAST;ZARATE;SOUTHERN ACE;FOB
67027813;9BWCB05W78T048728;;5W10D4;S-O SEBAST;ZARATE;SOUTHERN ACE;FOB
67027813;9BWCB05W78T048759;;5W10D4;S-O SEBAST;ZARATE;SOUTHERN ACE;FOB
67027813;9BWCB05W78T048969;;5W10D4;S-O SEBAST;ZARATE;SOUTHERN ACE;FOB
67027813;9BWCB05W78T049068;;5W10D4;S-O SEBAST;ZARATE;SOUTHERN ACE;FOB
67027813;9BWCB05W78T049197;;5W10D4;S-O SEBAST;ZARATE;SOUTHERN ACE;FOB
67027813;9BWCB05W78T049622;;5W10D4;S-O SEBAST;ZARATE;SOUTHERN ACE;FOB
67027813;9BWCB05W78T049653;;5W10D4;S-O SEBAST;ZARATE;SOUTHERN ACE;FOB
67027813;9BWCB05W78T050351;;5W10D4;S-O SEBAST;ZARATE;SOUTHERN ACE;FOB
67027813;9BWCB05W78T050429;;5W10D4;S-O SEBAST;ZARATE;SOUTHERN ACE;FOB
67027813;9BWCB05W78T050608;;5W10D4;S-O SEBAST;ZARATE;SOUTHERN ACE;FOB
67027813;9BWCB05W78T050673;;5W10D4;S-O SEBAST;ZARATE;SOUTHERN ACE;FOB
67027813;9BWCB05W78T050737;;5W10D4;S-O SEBAST;ZARATE;SOUTHERN ACE;FOB
67027813;9BWCB05W78T050768;;5W10D4;S-O SEBAST;ZARATE;SOUTHERN ACE;FOB
67027813;9BWCB05W78T050771;;5W10D4;S-O SEBAST;ZARATE;SOUTHERN ACE;FOB
67027813;9BWCB05W78T050804;;5W10D4;S-O SEBAST;ZARATE;SOUTHERN ACE;FOB
67027813;9BWCB05W78T050835;;5W10D4;S-O SEBAST;ZARATE;SOUTHERN ACE;FOB
67027813;9BWCB05W78T050897;;5W10D4;S-O SEBAST;ZARATE;SOUTHERN ACE;FOB
67027813;9BWCB05W78T051290;;5W10D4;S-O SEBAST;ZARATE;SOUTHERN ACE;FOB
67027813;9BWCB05W78T051502;;5W10D4;S-O SEBAST;ZARATE;SOUTHERN ACE;FOB
67027813;9BWCB05W88T048284;;5W10D4;S-O SEBAST;ZARATE;SOUTHERN ACE;FOB
67027813;9BWCB05W88T048432;;5W10D4;S-O SEBAST;ZARATE;SOUTHERN ACE;FOB
67027813;9BWCB05W88T048771;;5W10D4;S-O SEBAST;ZARATE;SOUTHERN ACE;FOB
67027813;9BWCB05W88T049161;;5W10D4;S-O SEBAST;ZARATE;SOUTHERN ACE;FOB
67027813;9BWCB05W88T049452;;5W10D4;S-O SEBAST;ZARATE;SOUTHERN ACE;FOB
67027813;9BWCB05W88T049855;;5W10D4;S-O SEBAST;ZARATE;SOUTHERN ACE;FOB
67027813;9BWCB05W88T050021;;5W10D4;S-O SEBAST;ZARATE;SOUTHERN ACE;FOB
67027813;9BWCB05W88T050312;;5W10D4;S-O SEBAST;ZARATE;SOUTHERN ACE;FOB
67027813;9BWCB05W88T050407;;5W10D4;S-O SEBAST;ZARATE;SOUTHERN ACE;FOB
67027813;9BWCB05W88T050438;;5W10D4;S-O SEBAST;ZARATE;SOUTHERN ACE;FOB
67027813;9BWCB05W88T050472;;5W10D4;S-O SEBAST;ZARATE;SOUTHERN ACE;FOB
67027813;9BWCB05W88T050505;;5W10D4;S-O SEBAST;ZARATE;SOUTHERN ACE;FOB
67027813;9BWCB05W88T050567;;5W10D4;S-O SEBAST;ZARATE;SOUTHERN ACE;FOB
67027813;9BWCB05W88T050780;;5W10D4;S-O SEBAST;ZARATE;SOUTHERN ACE;FOB
67027813;9BWCB05W88T051220;;5W10D4;S-O SEBAST;ZARATE;SOUTHERN ACE;FOB
67027813;9BWCB05W98T048469;;5W10D4;S-O SEBAST;ZARATE;SOUTHERN ACE;FOB
67027813;9BWCB05W98T048567;;5W10D4;S-O SEBAST;ZARATE;SOUTHERN ACE;FOB
67027813;9BWCB05W98T048763;;5W10D4;S-O SEBAST;ZARATE;SOUTHERN ACE;FOB
67027813;9BWCB05W98T049105;;5W10D4;S-O SEBAST;ZARATE;SOUTHERN ACE;FOB
67027813;9BWCB05W98T050206;;5W10D4;S-O SEBAST;ZARATE;SOUTHERN ACE;FOB
67027813;9BWCB05W98T050402;;5W10D4;S-O SEBAST;ZARATE;SOUTHERN ACE;FOB
67027813;9BWCB05W98T050433;;5W10D4;S-O SEBAST;ZARATE;SOUTHERN ACE;FOB
67027813;9BWCB05W98T050822;;5W10D4;S-O SEBAST;ZARATE;SOUTHERN ACE;FOB
67027813;9BWCB05W98T051162;;5W10D4;S-O SEBAST;ZARATE;SOUTHERN ACE;FOB
67027813;9BWCB05W98T051288;;5W10D4;S-O SEBAST;ZARATE;SOUTHERN ACE;FOB
67027813;9BWCB05W98T052179;;5W10D4;S-O SEBAST;ZARATE;SOUTHERN ACE;FOB
67027813;9BWCD05WX8T050712;;5W10J4;S-O SEBAST;ZARATE;SOUTHERN ACE;FOB
67027813;9BWCD05W18T049609;;5W10J4;S-O SEBAST;ZARATE;SOUTHERN ACE;FOB
67027813;9BWCD05W18T049707;;5W10J4;S-O SEBAST;ZARATE;SOUTHERN ACE;FOB
67027813;9BWCD05W18T050971;;5W10J4;S-O SEBAST;ZARATE;SOUTHERN ACE;FOB
67027813;9BWCD05W28T049408;;5W10J4;S-O SEBAST;ZARATE;SOUTHERN ACE;FOB
67027813;9BWCD05W28T049795;;5W10J4;S-O SEBAST;ZARATE;SOUTHERN ACE;FOB
67027813;9BWCD05W28T050994;;5W10J4;S-O SEBAST;ZARATE;SOUTHERN ACE;FOB
67027813;9BWCD05W38T049367;;5W10J4;S-O SEBAST;ZARATE;SOUTHERN ACE;FOB
67027813;9BWCD05W38T049515;;5W10J4;S-O SEBAST;ZARATE;SOUTHERN ACE;FOB
67027813;9BWCD05W38T051023;;5W10J4;S-O SEBAST;ZARATE;SOUTHERN ACE;FOB
67027813;9BWCD05W48T050060;;5W10J4;S-O SEBAST;ZARATE;SOUTHERN ACE;FOB
67027813;9BWCD05W58T049693;;5W10J4;S-O SEBAST;ZARATE;SOUTHERN ACE;FOB
67027813;9BWCD05W58T050245;;5W10J4;S-O SEBAST;ZARATE;SOUTHERN ACE;FOB
67027813;9BWCD05W68T049766;;5W10J4;S-O SEBAST;ZARATE;SOUTHERN ACE;FOB
67027813;9BWCD05W68T050075;;5W10J4;S-O SEBAST;ZARATE;SOUTHERN ACE;FOB
67027813;9BWCD05W68T050898;;5W10J4;S-O SEBAST;ZARATE;SOUTHERN ACE;FOB
67027813;9BWCD05W68T050903;;5W10J4;S-O SEBAST;ZARATE;SOUTHERN ACE;FOB
67027813;9BWCD05W78T049713;;5W10J4;S-O SEBAST;ZARATE;SOUTHERN ACE;FOB
67027813;9BWCD05W78T050991;;5W10J4;S-O SEBAST;ZARATE;SOUTHERN ACE;FOB
67027813;9BWCD05W88T049932;;5W10J4;S-O SEBAST;ZARATE;SOUTHERN ACE;FOB
67027813;9BWCD05W88T050997;;5W10J4;S-O SEBAST;ZARATE;SOUTHERN ACE;FOB
67027813;9BWCD05W98T049616;;5W10J4;S-O SEBAST;ZARATE;SOUTHERN ACE;FOB
67027813;9BWCD05W98T051186;;5W10J4;S-O SEBAST;ZARATE;SOUTHERN ACE;FOB
67027814;9BWCB05W08T053270;;5W10D4;S-O SEBAST;ZARATE;SOUTHERN ACE;FOB
67027814;9BWCB05W08T053513;;5W10D4;S-O SEBAST;ZARATE;SOUTHERN ACE;FOB
67027814;9BWCB05W08T053558;;5W10D4;S-O SEBAST;ZARATE;SOUTHERN ACE;FOB
67027814;9BWCB05W08T053575;;5W10D4;S-O SEBAST;ZARATE;SOUTHERN ACE;FOB
67027814;9BWCB05W08T053852;;5W10D4;S-O SEBAST;ZARATE;SOUTHERN ACE;FOB
67027814;9BWCB05W08T053866;;5W10D4;S-O SEBAST;ZARATE;SOUTHERN ACE;FOB
67027814;9BWCB05W08T054046;;5W10D4;S-O SEBAST;ZARATE;SOUTHERN ACE;FOB
67027814;9BWCB05W08T054290;;5W10D4;S-O SEBAST;ZARATE;SOUTHERN ACE;FOB
67027814;9BWCB05W08T054435;;5W10D4;S-O SEBAST;ZARATE;SOUTHERN ACE;FOB
67027814;9BWCB05W08T054810;;5W10D4;S-O SEBAST;ZARATE;SOUTHERN ACE;FOB
67027814;9BWCB05W08T054872;;5W10D4;S-O SEBAST;ZARATE;SOUTHERN ACE;FOB
67027814;9BWCB05W08T055164;;5W10D4;S-O SEBAST;ZARATE;SOUTHERN ACE;FOB
67027814;9BWCB05W18T051205;;5W10D4;S-O SEBAST;ZARATE;SOUTHERN ACE;FOB
67027814;9BWCB05W18T051625;;5W10D4;S-O SEBAST;ZARATE;SOUTHERN ACE;FOB
67027814;9BWCB05W18T052225;;5W10D4;S-O SEBAST;ZARATE;SOUTHERN ACE;FOB
67027814;9BWCB05W18T052791;;5W10D4;S-O SEBAST;ZARATE;SOUTHERN ACE;FOB
67027814;9BWCB05W18T053360;;5W10D4;S-O SEBAST;ZARATE;SOUTHERN ACE;FOB
67027814;9BWCB05W18T053584;;5W10D4;S-O SEBAST;ZARATE;SOUTHERN ACE;FOB
67027814;9BWCB05W18T053830;;5W10D4;S-O SEBAST;ZARATE;SOUTHERN ACE;FOB
67027814;9BWCB05W18T053908;;5W10D4;S-O SEBAST;ZARATE;SOUTHERN ACE;FOB
67027814;9BWCB05W18T054041;;5W10D4;S-O SEBAST;ZARATE;SOUTHERN ACE;FOB
67027814;9BWCB05W18T054492;;5W10D4;S-O SEBAST;ZARATE;SOUTHERN ACE;FOB
67027814;9BWCB05W18T054668;;5W10D4;S-O SEBAST;ZARATE;SOUTHERN ACE;FOB
67027814;9BWCB05W18T054721;;5W10D4;S-O SEBAST;ZARATE;SOUTHERN ACE;FOB
67027814;9BWCB05W18T054766;;5W10D4;S-O SEBAST;ZARATE;SOUTHERN ACE;FOB
67027814;9BWCB05W18T055089;;5W10D4;S-O SEBAST;ZARATE;SOUTHERN ACE;FOB
67027814;9BWCB05W18T055139;;5W10D4;S-O SEBAST;ZARATE;SOUTHERN ACE;FOB
67027814;9BWCB05W18T055397;;5W10D4;S-O SEBAST;ZARATE;SOUTHERN ACE;FOB
67027814;9BWCB05W18T055433;;5W10D4;S-O SEBAST;ZARATE;SOUTHERN ACE;FOB
67027814;9BWCB05W18T056033;;5W10D4;S-O SEBAST;ZARATE;SOUTHERN ACE;FOB
67027814;9BWCB05W28T040939;;5W10D4;S-O SEBAST;ZARATE;SOUTHERN ACE;FOB
67027814;9BWCB05W28T048183;;5W10D4;S-O SEBAST;ZARATE;SOUTHERN ACE;FOB
67027814;9BWCB05W28T052542;;5W10D4;S-O SEBAST;ZARATE;SOUTHERN ACE;FOB
67027814;9BWCB05W28T052606;;5W10D4;S-O SEBAST;ZARATE;SOUTHERN ACE;FOB
67027814;9BWCB05W28T053013;;5W10D4;S-O SEBAST;ZARATE;SOUTHERN ACE;FOB
67027814;9BWCB05W28T053478;;5W10D4;S-O SEBAST;ZARATE;SOUTHERN ACE;FOB
67027814;9BWCB05W28T053755;;5W10D4;S-O SEBAST;ZARATE;SOUTHERN ACE;FOB
67027814;9BWCB05W28T053786;;5W10D4;S-O SEBAST;ZARATE;SOUTHERN ACE;FOB
67027814;9BWCB05W28T054131;;5W10D4;S-O SEBAST;ZARATE;SOUTHERN ACE;FOB
67027814;9BWCB05W28T054159;;5W10D4;S-O SEBAST;ZARATE;SOUTHERN ACE;FOB
67027814;9BWCB05W28T054226;;5W10D4;S-O SEBAST;ZARATE;SOUTHERN ACE;FOB
67027814;9BWCB05W28T054517;;5W10D4;S-O SEBAST;ZARATE;SOUTHERN ACE;FOB
67027814;9BWCB05W28T054663;;5W10D4;S-O SEBAST;ZARATE;SOUTHERN ACE;FOB
67027814;9BWCB05W28T054792;;5W10D4;S-O SEBAST;ZARATE;SOUTHERN ACE;FOB
67027814;9BWCB05W28T054971;;5W10D4;S-O SEBAST;ZARATE;SOUTHERN ACE;FOB
67027814;9BWCB05W28T055120;;5W10D4;S-O SEBAST;ZARATE;SOUTHERN ACE;FOB
67027814;9BWCB05W28T055196;;5W10D4;S-O SEBAST;ZARATE;SOUTHERN ACE;FOB
67027814;9BWCB05W28T055490;;5W10D4;S-O SEBAST;ZARATE;SOUTHERN ACE;FOB
67027814;9BWCB05W28T055540;;5W10D4;S-O SEBAST;ZARATE;SOUTHERN ACE;FOB
67027814;9BWCB05W28T055568;;5W10D4;S-O SEBAST;ZARATE;SOUTHERN ACE;FOB
67027814;9BWCB05W38T039377;;5W10D4;S-O SEBAST;ZARATE;SOUTHERN ACE;FOB
67027814;9BWCB05W38T050038;;5W10D4;S-O SEBAST;ZARATE;SOUTHERN ACE;FOB
67027814;9BWCB05W38T051142;;5W10D4;S-O SEBAST;ZARATE;SOUTHERN ACE;FOB
67027814;9BWCB05W38T053215;;5W10D4;S-O SEBAST;ZARATE;SOUTHERN ACE;FOB
67027814;9BWCB05W38T053537;;5W10D4;S-O SEBAST;ZARATE;SOUTHERN ACE;FOB
67027814;9BWCB05W38T053716;;5W10D4;S-O SEBAST;ZARATE;SOUTHERN ACE;FOB
67027814;9BWCB05W38T053733;;5W10D4;S-O SEBAST;ZARATE;SOUTHERN ACE;FOB
67027814;9BWCB05W38T053795;;5W10D4;S-O SEBAST;ZARATE;SOUTHERN ACE;FOB
67027814;9BWCB05W38T054171;;5W10D4;S-O SEBAST;ZARATE;SOUTHERN ACE;FOB
67027814;9BWCB05W38T054185;;5W10D4;S-O SEBAST;ZARATE;SOUTHERN ACE;FOB
67027814;9BWCB05W38T054428;;5W10D4;S-O SEBAST;ZARATE;SOUTHERN ACE;FOB
67027814;9BWCB05W38T054901;;5W10D4;S-O SEBAST;ZARATE;SOUTHERN ACE;FOB
67027814;9BWCB05W38T055353;;5W10D4;S-O SEBAST;ZARATE;SOUTHERN ACE;FOB
67027814;9BWCB05W38T055692;;5W10D4;S-O SEBAST;ZARATE;SOUTHERN ACE;FOB
67027814;9BWCB05W38T056020;;5W10D4;S-O SEBAST;ZARATE;SOUTHERN ACE;FOB
67027814;9BWCB05W48T052431;;5W10D4;S-O SEBAST;ZARATE;SOUTHERN ACE;FOB
67027814;9BWCB05W48T053286;;5W10D4;S-O SEBAST;ZARATE;SOUTHERN ACE;FOB
67027814;9BWCB05W48T053403;;5W10D4;S-O SEBAST;ZARATE;SOUTHERN ACE;FOB
67027814;9BWCB05W48T053563;;5W10D4;S-O SEBAST;ZARATE;SOUTHERN ACE;FOB
67027814;9BWCB05W48T053837;;5W10D4;S-O SEBAST;ZARATE;SOUTHERN ACE;FOB
67027814;9BWCB05W48T054079;;5W10D4;S-O SEBAST;ZARATE;SOUTHERN ACE;FOB
67027814;9BWCB05W48T054163;;5W10D4;S-O SEBAST;ZARATE;SOUTHERN ACE;FOB
67027814;9BWCB05W48T054342;;5W10D4;S-O SEBAST;ZARATE;SOUTHERN ACE;FOB
67027814;9BWCB05W48T055118;;5W10D4;S-O SEBAST;ZARATE;SOUTHERN ACE;FOB
67027814;9BWCB05W48T055376;;5W10D4;S-O SEBAST;ZARATE;SOUTHERN ACE;FOB
67027814;9BWCB05W58T046489;;5W10D4;S-O SEBAST;ZARATE;SOUTHERN ACE;FOB
67027814;9BWCB05W58T046931;;5W10D4;S-O SEBAST;ZARATE;SOUTHERN ACE;FOB
67027814;9BWCB05W58T046945;;5W10D4;S-O SEBAST;ZARATE;SOUTHERN ACE;FOB
67027814;9BWCB05W58T048324;;5W10D4;S-O SEBAST;ZARATE;SOUTHERN ACE;FOB
67027814;9BWCB05W58T052616;;5W10D4;S-O SEBAST;ZARATE;SOUTHERN ACE;FOB
67027814;9BWCB05W58T053152;;5W10D4;S-O SEBAST;ZARATE;SOUTHERN ACE;FOB
67027814;9BWCB05W58T053393;;5W10D4;S-O SEBAST;ZARATE;SOUTHERN ACE;FOB
67027814;9BWCB05W58T053572;;5W10D4;S-O SEBAST;ZARATE;SOUTHERN ACE;FOB
67027814;9BWCB05W58T053880;;5W10D4;S-O SEBAST;ZARATE;SOUTHERN ACE;FOB
67027814;9BWCB05W58T054012;;5W10D4;S-O SEBAST;ZARATE;SOUTHERN ACE;FOB
67027814;9BWCB05W58T054320;;5W10D4;S-O SEBAST;ZARATE;SOUTHERN ACE;FOB
67027814;9BWCB05W58T054527;;5W10D4;S-O SEBAST;ZARATE;SOUTHERN ACE;FOB
67027814;9BWCB05W58T054737;;5W10D4;S-O SEBAST;ZARATE;SOUTHERN ACE;FOB
67027814;9BWCB05W58T054771;;5W10D4;S-O SEBAST;ZARATE;SOUTHERN ACE;FOB
67027814;9BWCB05W58T054981;;5W10D4;S-O SEBAST;ZARATE;SOUTHERN ACE;FOB
67027814;9BWCB05W58T055029;;5W10D4;S-O SEBAST;ZARATE;SOUTHERN ACE;FOB
67027814;9BWCB05W58T055502;;5W10D4;S-O SEBAST;ZARATE;SOUTHERN ACE;FOB
67027814;9BWCB05W58T055855;;5W10D4;S-O SEBAST;ZARATE;SOUTHERN ACE;FOB
67027814;9BWCB05W58T055869;;5W10D4;S-O SEBAST;ZARATE;SOUTHERN ACE;FOB
67027814;9BWCB05W58T056004;;5W10D4;S-O SEBAST;ZARATE;SOUTHERN ACE;FOB
67027814;9BWCB05W68T047845;;5W10D4;S-O SEBAST;ZARATE;SOUTHERN ACE;FOB
67027814;9BWCB05W68T048106;;5W10D4;S-O SEBAST;ZARATE;SOUTHERN ACE;FOB
67027814;9BWCB05W68T049742;;5W10D4;S-O SEBAST;ZARATE;SOUTHERN ACE;FOB
67027814;9BWCB05W68T052141;;5W10D4;S-O SEBAST;ZARATE;SOUTHERN ACE;FOB
67027814;9BWCB05W68T052186;;5W10D4;S-O SEBAST;ZARATE;SOUTHERN ACE;FOB
67027814;9BWCB05W68T053144;;5W10D4;S-O SEBAST;ZARATE;SOUTHERN ACE;FOB
67027814;9BWCB05W68T053399;;5W10D4;S-O SEBAST;ZARATE;SOUTHERN ACE;FOB
67027814;9BWCB05W68T053421;;5W10D4;S-O SEBAST;ZARATE;SOUTHERN ACE;FOB
67027814;9BWCB05W68T053564;;5W10D4;S-O SEBAST;ZARATE;SOUTHERN ACE;FOB
67027814;9BWCB05W68T053645;;5W10D4;S-O SEBAST;ZARATE;SOUTHERN ACE;FOB
67027814;9BWCB05W68T054181;;5W10D4;S-O SEBAST;ZARATE;SOUTHERN ACE;FOB
67027814;9BWCB05W68T054455;;5W10D4;S-O SEBAST;ZARATE;SOUTHERN ACE;FOB
67027814;9BWCB05W68T054617;;5W10D4;S-O SEBAST;ZARATE;SOUTHERN ACE;FOB
67027814;9BWCB05W68T054679;;5W10D4;S-O SEBAST;ZARATE;SOUTHERN ACE;FOB
67027814;9BWCB05W68T054858;;5W10D4;S-O SEBAST;ZARATE;SOUTHERN ACE;FOB
67027814;9BWCB05W68T054990;;5W10D4;S-O SEBAST;ZARATE;SOUTHERN ACE;FOB
67027814;9BWCB05W68T055668;;5W10D4;S-O SEBAST;ZARATE;SOUTHERN ACE;FOB
67027814;9BWCB05W78T047806;;5W10D4;S-O SEBAST;ZARATE;SOUTHERN ACE;FOB
67027814;9BWCB05W78T048129;;5W10D4;S-O SEBAST;ZARATE;SOUTHERN ACE;FOB
67027814;9BWCB05W78T048258;;5W10D4;S-O SEBAST;ZARATE;SOUTHERN ACE;FOB
67027814;9BWCB05W78T049832;;5W10D4;S-O SEBAST;ZARATE;SOUTHERN ACE;FOB
67027814;9BWCB05W78T051211;;5W10D4;S-O SEBAST;ZARATE;SOUTHERN ACE;FOB
67027814;9BWCB05W78T052911;;5W10D4;S-O SEBAST;ZARATE;SOUTHERN ACE;FOB
67027814;9BWCB05W78T053167;;5W10D4;S-O SEBAST;ZARATE;SOUTHERN ACE;FOB
67027814;9BWCB05W78T053234;;5W10D4;S-O SEBAST;ZARATE;SOUTHERN ACE;FOB
67027814;9BWCB05W78T053363;;5W10D4;S-O SEBAST;ZARATE;SOUTHERN ACE;FOB
67027814;9BWCB05W78T053623;;5W10D4;S-O SEBAST;ZARATE;SOUTHERN ACE;FOB
67027814;9BWCB05W78T053881;;5W10D4;S-O SEBAST;ZARATE;SOUTHERN ACE;FOB
67027814;9BWCB05W78T054058;;5W10D4;S-O SEBAST;ZARATE;SOUTHERN ACE;FOB
67027814;9BWCB05W78T054304;;5W10D4;S-O SEBAST;ZARATE;SOUTHERN ACE;FOB
67027814;9BWCB05W78T054805;;5W10D4;S-O SEBAST;ZARATE;SOUTHERN ACE;FOB
67027814;9BWCB05W78T054867;;5W10D4;S-O SEBAST;ZARATE;SOUTHERN ACE;FOB
67027814;9BWCB05W78T055162;;5W10D4;S-O SEBAST;ZARATE;SOUTHERN ACE;FOB
67027814;9BWCB05WX8T048187;;5W10D4;S-O SEBAST;ZARATE;SOUTHERN ACE;FOB
67027814;9BWCB05WX8T050375;;5W10D4;S-O SEBAST;ZARATE;SOUTHERN ACE;FOB
67027814;9BWCB05WX8T051509;;5W10D4;S-O SEBAST;ZARATE;SOUTHERN ACE;FOB
67027814;9BWCB05WX8T052143;;5W10D4;S-O SEBAST;ZARATE;SOUTHERN ACE;FOB
67027814;9BWCB05WX8T052398;;5W10D4;S-O SEBAST;ZARATE;SOUTHERN ACE;FOB
67027814;9BWCB05WX8T053356;;5W10D4;S-O SEBAST;ZARATE;SOUTHERN ACE;FOB
67027814;9BWCB05WX8T053504;;5W10D4;S-O SEBAST;ZARATE;SOUTHERN ACE;FOB
67027814;9BWCB05WX8T053552;;5W10D4;S-O SEBAST;ZARATE;SOUTHERN ACE;FOB
67027814;9BWCB05WX8T053809;;5W10D4;S-O SEBAST;ZARATE;SOUTHERN ACE;FOB
67027814;9BWCB05WX8T054118;;5W10D4;S-O SEBAST;ZARATE;SOUTHERN ACE;FOB
67027814;9BWCB05WX8T054345;;5W10D4;S-O SEBAST;ZARATE;SOUTHERN ACE;FOB
67027814;9BWCB05WX8T054457;;5W10D4;S-O SEBAST;ZARATE;SOUTHERN ACE;FOB
67027814;9BWCB05WX8T054684;;5W10D4;S-O SEBAST;ZARATE;SOUTHERN ACE;FOB
67027814;9BWCB05WX8T054751;;5W10D4;S-O SEBAST;ZARATE;SOUTHERN ACE;FOB
67027814;9BWCB05WX8T055107;;5W10D4;S-O SEBAST;ZARATE;SOUTHERN ACE;FOB
67027814;9BWCB05WX8T055396;;5W10D4;S-O SEBAST;ZARATE;SOUTHERN ACE;FOB
67027814;9BWCB05WX8T055575;;5W10D4;S-O SEBAST;ZARATE;SOUTHERN ACE;FOB
67027814;9BWCB05W08T050594;;5W10D4;S-O SEBAST;ZARATE;SOUTHERN ACE;FOB
67027814;9BWCB05W08T050854;;5W10D4;S-O SEBAST;ZARATE;SOUTHERN ACE;FOB
67027814;9BWCB05W78T055176;;5W10D4;S-O SEBAST;ZARATE;SOUTHERN ACE;FOB
67027814;9BWCB05W78T055226;;5W10D4;S-O SEBAST;ZARATE;SOUTHERN ACE;FOB
67027814;9BWCB05W78T055727;;5W10D4;S-O SEBAST;ZARATE;SOUTHERN ACE;FOB
67027814;9BWCB05W88T052013;;5W10D4;S-O SEBAST;ZARATE;SOUTHERN ACE;FOB
67027814;9BWCB05W88T052223;;5W10D4;S-O SEBAST;ZARATE;SOUTHERN ACE;FOB
67027814;9BWCB05W88T053162;;5W10D4;S-O SEBAST;ZARATE;SOUTHERN ACE;FOB
67027814;9BWCB05W88T053176;;5W10D4;S-O SEBAST;ZARATE;SOUTHERN ACE;FOB
67027814;9BWCB05W88T053243;;5W10D4;S-O SEBAST;ZARATE;SOUTHERN ACE;FOB
67027814;9BWCB05W88T053291;;5W10D4;S-O SEBAST;ZARATE;SOUTHERN ACE;FOB
67027814;9BWCB05W88T053775;;5W10D4;S-O SEBAST;ZARATE;SOUTHERN ACE;FOB
67027814;9BWCB05W88T053808;;5W10D4;S-O SEBAST;ZARATE;SOUTHERN ACE;FOB
67027814;9BWCB05W88T053825;;5W10D4;S-O SEBAST;ZARATE;SOUTHERN ACE;FOB
67027814;9BWCB05W88T053842;;5W10D4;S-O SEBAST;ZARATE;SOUTHERN ACE;FOB
67027814;9BWCB05W88T053971;;5W10D4;S-O SEBAST;ZARATE;SOUTHERN ACE;FOB
67027814;9BWCB05W88T054005;;5W10D4;S-O SEBAST;ZARATE;SOUTHERN ACE;FOB
67027814;9BWCB05W88T054165;;5W10D4;S-O SEBAST;ZARATE;SOUTHERN ACE;FOB
67027814;9BWCB05W88T054229;;5W10D4;S-O SEBAST;ZARATE;SOUTHERN ACE;FOB
67027814;9BWCB05W88T054490;;5W10D4;S-O SEBAST;ZARATE;SOUTHERN ACE;FOB
67027814;9BWCB05W88T054635;;5W10D4;S-O SEBAST;ZARATE;SOUTHERN ACE;FOB
67027814;9BWCB05W88T054876;;5W10D4;S-O SEBAST;ZARATE;SOUTHERN ACE;FOB
67027814;9BWCB05W88T055106;;5W10D4;S-O SEBAST;ZARATE;SOUTHERN ACE;FOB
67027814;9BWCB05W88T055168;;5W10D4;S-O SEBAST;ZARATE;SOUTHERN ACE;FOB
67027814;9BWCB05W98T052473;;5W10D4;S-O SEBAST;ZARATE;SOUTHERN ACE;FOB
67027814;9BWCB05W98T052487;;5W10D4;S-O SEBAST;ZARATE;SOUTHERN ACE;FOB
67027814;9BWCB05W98T052618;;5W10D4;S-O SEBAST;ZARATE;SOUTHERN ACE;FOB
67027814;9BWCB05W98T053011;;5W10D4;S-O SEBAST;ZARATE;SOUTHERN ACE;FOB
67027814;9BWCB05W98T053235;;5W10D4;S-O SEBAST;ZARATE;SOUTHERN ACE;FOB
67027814;9BWCB05W98T053249;;5W10D4;S-O SEBAST;ZARATE;SOUTHERN ACE;FOB
67027814;9BWCB05W98T053378;;5W10D4;S-O SEBAST;ZARATE;SOUTHERN ACE;FOB
67027814;9BWCB05W98T053462;;5W10D4;S-O SEBAST;ZARATE;SOUTHERN ACE;FOB
67027814;9BWCB05W98T053557;;5W10D4;S-O SEBAST;ZARATE;SOUTHERN ACE;FOB
67027814;9BWCB05W98T053865;;5W10D4;S-O SEBAST;ZARATE;SOUTHERN ACE;FOB
67027814;9BWCB05W98T053879;;5W10D4;S-O SEBAST;ZARATE;SOUTHERN ACE;FOB
67027814;9BWCB05W98T053901;;5W10D4;S-O SEBAST;ZARATE;SOUTHERN ACE;FOB
67027814;9BWCB05W98T054109;;5W10D4;S-O SEBAST;ZARATE;SOUTHERN ACE;FOB
67027814;9BWCB05W98T054191;;5W10D4;S-O SEBAST;ZARATE;SOUTHERN ACE;FOB
67027814;9BWCB05W98T054451;;5W10D4;S-O SEBAST;ZARATE;SOUTHERN ACE;FOB
67027814;9BWCB05W98T054563;;5W10D4;S-O SEBAST;ZARATE;SOUTHERN ACE;FOB
67027814;9BWCB05W98T054630;;5W10D4;S-O SEBAST;ZARATE;SOUTHERN ACE;FOB
67027814;9BWCB05W98T055339;;5W10D4;S-O SEBAST;ZARATE;SOUTHERN ACE;FOB
67027814;9BWCB05W98T055387;;5W10D4;S-O SEBAST;ZARATE;SOUTHERN ACE;FOB
67027814;9BWCB05W98T055552;;5W10D4;S-O SEBAST;ZARATE;SOUTHERN ACE;FOB
67027814;9BWCB05W98T055910;;5W10D4;S-O SEBAST;ZARATE;SOUTHERN ACE;FOB
67027814;9BWCD05WX8T051231;;5W10J4;S-O SEBAST;ZARATE;SOUTHERN ACE;FOB
67027814;9BWCD05WX8T053433;;5W10J4;S-O SEBAST;ZARATE;SOUTHERN ACE;FOB
67027814;9BWCD05WX8T053691;;5W10J4;S-O SEBAST;ZARATE;SOUTHERN ACE;FOB
67027814;9BWCD05W08T053828;;5W10J4;S-O SEBAST;ZARATE;SOUTHERN ACE;FOB
67027814;9BWCD05W08T054123;;5W10J4;S-O SEBAST;ZARATE;SOUTHERN ACE;FOB
67027814;9BWCD05W18T053675;;5W10J4;S-O SEBAST;ZARATE;SOUTHERN ACE;FOB
67027814;9BWCD05W38T053290;;5W10J4;S-O SEBAST;ZARATE;SOUTHERN ACE;FOB
67027814;9BWCD05W48T053914;;5W10J4;S-O SEBAST;ZARATE;SOUTHERN ACE;FOB
67027814;9BWCD05W48T055548;;5W10J4;S-O SEBAST;ZARATE;SOUTHERN ACE;FOB
67027814;9BWCD05W58T054070;;5W10J4;S-O SEBAST;ZARATE;SOUTHERN ACE;FOB
67027814;9BWCD05W58T054151;;5W10J4;S-O SEBAST;ZARATE;SOUTHERN ACE;FOB
67027814;9BWCD05W68T054126;;5W10J4;S-O SEBAST;ZARATE;SOUTHERN ACE;FOB
67027814;9BWCD05W78T053342;;5W10J4;S-O SEBAST;ZARATE;SOUTHERN ACE;FOB
67027814;9BWCD05W78T053423;;5W10J4;S-O SEBAST;ZARATE;SOUTHERN ACE;FOB
67027814;9BWCD05W78T053678;;5W10J4;S-O SEBAST;ZARATE;SOUTHERN ACE;FOB
67027814;9BWCD05W98T047283;;5W10J4;S-O SEBAST;ZARATE;SOUTHERN ACE;FOB
67027814;9BWCB45WX8T048682;;5W11D4;S-O SEBAST;ZARATE;SOUTHERN ACE;FOB
67027814;9BWCB45W18T048425;;5W11D4;S-O SEBAST;ZARATE;SOUTHERN ACE;FOB
67027814;9BWCB45W38T046269;;5W11D4;S-O SEBAST;ZARATE;SOUTHERN ACE;FOB
67027814;9BWCB45W38T047986;;5W11D4;S-O SEBAST;ZARATE;SOUTHERN ACE;FOB
67027814;9BWCB45W78T045657;;5W11D4;S-O SEBAST;ZARATE;SOUTHERN ACE;FOB
67027814;9BWCB45W88T049913;;5W11D4;S-O SEBAST;ZARATE;SOUTHERN ACE;FOB
67027816;9BWCB05W08T039384;;5W10D4;S-O SEBAST;ZARATE;SOUTHERN ACE;FOB
67027816;9BWCB05W08T041622;;5W10D4;S-O SEBAST;ZARATE;SOUTHERN ACE;FOB
67027816;9BWCB05W08T041765;;5W10D4;S-O SEBAST;ZARATE;SOUTHERN ACE;FOB
67027816;9BWCB05W08T044584;;5W10D4;S-O SEBAST;ZARATE;SOUTHERN ACE;FOB
67027816;9BWCB05W08T045752;;5W10D4;S-O SEBAST;ZARATE;SOUTHERN ACE;FOB
67027816;9BWCB05W08T045914;;5W10D4;S-O SEBAST;ZARATE;SOUTHERN ACE;FOB
67027816;9BWCB05W08T046710;;5W10D4;S-O SEBAST;ZARATE;SOUTHERN ACE;FOB
67027816;9BWCB05W08T047212;;5W10D4;S-O SEBAST;ZARATE;SOUTHERN ACE;FOB
67027816;9BWCB05W08T047288;;5W10D4;S-O SEBAST;ZARATE;SOUTHERN ACE;FOB
67027816;9BWCB05W18T034808;;5W10D4;S-O SEBAST;ZARATE;SOUTHERN ACE;FOB
67027816;9BWCB05W18T037580;;5W10D4;S-O SEBAST;ZARATE;SOUTHERN ACE;FOB
67027816;9BWCB05W18T039880;;5W10D4;S-O SEBAST;ZARATE;SOUTHERN ACE;FOB
67027816;9BWCB05W18T042939;;5W10D4;S-O SEBAST;ZARATE;SOUTHERN ACE;FOB
67027816;9BWCB05W18T043203;;5W10D4;S-O SEBAST;ZARATE;SOUTHERN ACE;FOB
67027816;9BWCB05W18T044433;;5W10D4;S-O SEBAST;ZARATE;SOUTHERN ACE;FOB
67027816;9BWCB05W18T044836;;5W10D4;S-O SEBAST;ZARATE;SOUTHERN ACE;FOB
67027816;9BWCB05W18T046070;;5W10D4;S-O SEBAST;ZARATE;SOUTHERN ACE;FOB
67027816;9BWCB05W18T047350;;5W10D4;S-O SEBAST;ZARATE;SOUTHERN ACE;FOB
67027816;9BWCB05W18T047462;;5W10D4;S-O SEBAST;ZARATE;SOUTHERN ACE;FOB
67027816;9BWCB05W18T048739;;5W10D4;S-O SEBAST;ZARATE;SOUTHERN ACE;FOB
67027816;9BWCB05W18T049583;;5W10D4;S-O SEBAST;ZARATE;SOUTHERN ACE;FOB
67027816;9BWCB05W18T051074;;5W10D4;S-O SEBAST;ZARATE;SOUTHERN ACE;FOB
67027816;9BWCB05W28T034543;;5W10D4;S-O SEBAST;ZARATE;SOUTHERN ACE;FOB
67027816;9BWCB05W28T039077;;5W10D4;S-O SEBAST;ZARATE;SOUTHERN ACE;FOB
67027816;9BWCB05W28T042612;;5W10D4;S-O SEBAST;ZARATE;SOUTHERN ACE;FOB
67027816;9BWCB05W28T042917;;5W10D4;S-O SEBAST;ZARATE;SOUTHERN ACE;FOB
67027816;9BWCB05W28T044490;;5W10D4;S-O SEBAST;ZARATE;SOUTHERN ACE;FOB
67027816;9BWCB05W28T044635;;5W10D4;S-O SEBAST;ZARATE;SOUTHERN ACE;FOB
67027816;9BWCB05W28T044649;;5W10D4;S-O SEBAST;ZARATE;SOUTHERN ACE;FOB
67027816;9BWCB05W28T045042;;5W10D4;S-O SEBAST;ZARATE;SOUTHERN ACE;FOB
67027816;9BWCB05W28T045932;;5W10D4;S-O SEBAST;ZARATE;SOUTHERN ACE;FOB
67027816;9BWCB05W28T046059;;5W10D4;S-O SEBAST;ZARATE;SOUTHERN ACE;FOB
67027816;9BWCB05W28T046482;;5W10D4;S-O SEBAST;ZARATE;SOUTHERN ACE;FOB
67027816;9BWCB05W28T046921;;5W10D4;S-O SEBAST;ZARATE;SOUTHERN ACE;FOB
67027816;9BWCB05W28T047423;;5W10D4;S-O SEBAST;ZARATE;SOUTHERN ACE;FOB
67027816;9BWCB05W28T047535;;5W10D4;S-O SEBAST;ZARATE;SOUTHERN ACE;FOB
67027816;9BWCB05W28T047891;;5W10D4;S-O SEBAST;ZARATE;SOUTHERN ACE;FOB
67027816;9BWCB05W28T049124;;5W10D4;S-O SEBAST;ZARATE;SOUTHERN ACE;FOB
67027816;9BWCB05W28T050631;;5W10D4;S-O SEBAST;ZARATE;SOUTHERN ACE;FOB
67027816;9BWCB05W38T037192;;5W10D4;S-O SEBAST;ZARATE;SOUTHERN ACE;FOB
67027816;9BWCB05W38T041467;;5W10D4;S-O SEBAST;ZARATE;SOUTHERN ACE;FOB
67027816;9BWCB05W38T042487;;5W10D4;S-O SEBAST;ZARATE;SOUTHERN ACE;FOB
67027816;9BWCB05W38T044725;;5W10D4;S-O SEBAST;ZARATE;SOUTHERN ACE;FOB
67027816;9BWCB05W38T044742;;5W10D4;S-O SEBAST;ZARATE;SOUTHERN ACE;FOB
67027816;9BWCB05W38T045163;;5W10D4;S-O SEBAST;ZARATE;SOUTHERN ACE;FOB
67027816;9BWCB05W38T045258;;5W10D4;S-O SEBAST;ZARATE;SOUTHERN ACE;FOB
67027816;9BWCB05W38T046037;;5W10D4;S-O SEBAST;ZARATE;SOUTHERN ACE;FOB
67027816;9BWCB05W38T046149;;5W10D4;S-O SEBAST;ZARATE;SOUTHERN ACE;FOB
67027816;9BWCB05W38T047012;;5W10D4;S-O SEBAST;ZARATE;SOUTHERN ACE;FOB
67027816;9BWCB05W38T047222;;5W10D4;S-O SEBAST;ZARATE;SOUTHERN ACE;FOB
67027816;9BWCB05W38T048158;;5W10D4;S-O SEBAST;ZARATE;SOUTHERN ACE;FOB
67027816;9BWCB05W38T049052;;5W10D4;S-O SEBAST;ZARATE;SOUTHERN ACE;FOB
67027816;9BWCB05W38T049083;;5W10D4;S-O SEBAST;ZARATE;SOUTHERN ACE;FOB
67027816;9BWCB05W38T049116;;5W10D4;S-O SEBAST;ZARATE;SOUTHERN ACE;FOB
67027816;9BWCB05W38T049228;;5W10D4;S-O SEBAST;ZARATE;SOUTHERN ACE;FOB
67027816;9BWCB05W38T049715;;5W10D4;S-O SEBAST;ZARATE;SOUTHERN ACE;FOB
67027816;9BWCB05W48T034527;;5W10D4;S-O SEBAST;ZARATE;SOUTHERN ACE;FOB
67027816;9BWCB05W48T034561;;5W10D4;S-O SEBAST;ZARATE;SOUTHERN ACE;FOB
67027816;9BWCB05W48T039484;;5W10D4;S-O SEBAST;ZARATE;SOUTHERN ACE;FOB
67027816;9BWCB05W48T042482;;5W10D4;S-O SEBAST;ZARATE;SOUTHERN ACE;FOB
67027816;9BWCB05W48T042790;;5W10D4;S-O SEBAST;ZARATE;SOUTHERN ACE;FOB
67027816;9BWCB05W48T044071;;5W10D4;S-O SEBAST;ZARATE;SOUTHERN ACE;FOB
67027816;9BWCB05W48T044572;;5W10D4;S-O SEBAST;ZARATE;SOUTHERN ACE;FOB
67027816;9BWCB05W48T044815;;5W10D4;S-O SEBAST;ZARATE;SOUTHERN ACE;FOB
67027816;9BWCB05W48T044975;;5W10D4;S-O SEBAST;ZARATE;SOUTHERN ACE;FOB
67027816;9BWCB05W48T045298;;5W10D4;S-O SEBAST;ZARATE;SOUTHERN ACE;FOB
67027816;9BWCB05W48T045477;;5W10D4;S-O SEBAST;ZARATE;SOUTHERN ACE;FOB
67027816;9BWCB05W48T046578;;5W10D4;S-O SEBAST;ZARATE;SOUTHERN ACE;FOB
67027816;9BWCB05W48T046905;;5W10D4;S-O SEBAST;ZARATE;SOUTHERN ACE;FOB
67027816;9BWCB05W48T047326;;5W10D4;S-O SEBAST;ZARATE;SOUTHERN ACE;FOB
67027816;9BWCB05W48T048024;;5W10D4;S-O SEBAST;ZARATE;SOUTHERN ACE;FOB
67027816;9BWCB05W48T048413;;5W10D4;S-O SEBAST;ZARATE;SOUTHERN ACE;FOB
67027816;9BWCB05W48T050341;;5W10D4;S-O SEBAST;ZARATE;SOUTHERN ACE;FOB
67027816;9BWCB05W48T050940;;5W10D4;S-O SEBAST;ZARATE;SOUTHERN ACE;FOB
67027816;9BWCB05W58T034472;;5W10D4;S-O SEBAST;ZARATE;SOUTHERN ACE;FOB
67027816;9BWCB05W58T039493;;5W10D4;S-O SEBAST;ZARATE;SOUTHERN ACE;FOB
67027816;9BWCB05W58T042877;;5W10D4;S-O SEBAST;ZARATE;SOUTHERN ACE;FOB
67027816;9BWCB05W58T043060;;5W10D4;S-O SEBAST;ZARATE;SOUTHERN ACE;FOB
67027816;9BWCB05W58T044967;;5W10D4;S-O SEBAST;ZARATE;SOUTHERN ACE;FOB
67027816;9BWCB05W58T045052;;5W10D4;S-O SEBAST;ZARATE;SOUTHERN ACE;FOB
67027816;9BWCB05W58T045116;;5W10D4;S-O SEBAST;ZARATE;SOUTHERN ACE;FOB
67027816;9BWCB05W58T047240;;5W10D4;S-O SEBAST;ZARATE;SOUTHERN ACE;FOB
67027816;9BWCB05W58T047349;;5W10D4;S-O SEBAST;ZARATE;SOUTHERN ACE;FOB
67027816;9BWCB05W58T047366;;5W10D4;S-O SEBAST;ZARATE;SOUTHERN ACE;FOB
67027816;9BWCB05W58T049070;;5W10D4;S-O SEBAST;ZARATE;SOUTHERN ACE;FOB
67027816;9BWCB05W58T049800;;5W10D4;S-O SEBAST;ZARATE;SOUTHERN ACE;FOB
67027816;9BWCB05W68T039230;;5W10D4;S-O SEBAST;ZARATE;SOUTHERN ACE;FOB
67027816;9BWCB05W68T039471;;5W10D4;S-O SEBAST;ZARATE;SOUTHERN ACE;FOB
67027816;9BWCB05W68T041513;;5W10D4;S-O SEBAST;ZARATE;SOUTHERN ACE;FOB
67027816;9BWCB05W68T042757;;5W10D4;S-O SEBAST;ZARATE;SOUTHERN ACE;FOB
67027816;9BWCB05W68T044783;;5W10D4;S-O SEBAST;ZARATE;SOUTHERN ACE;FOB
67027816;9BWCB05W68T045075;;5W10D4;S-O SEBAST;ZARATE;SOUTHERN ACE;FOB
67027816;9BWCB05W68T045173;;5W10D4;S-O SEBAST;ZARATE;SOUTHERN ACE;FOB
67027816;9BWCB05W68T045187;;5W10D4;S-O SEBAST;ZARATE;SOUTHERN ACE;FOB
67027816;9BWCB05W68T045321;;5W10D4;S-O SEBAST;ZARATE;SOUTHERN ACE;FOB
67027816;9BWCB05W68T049952;;5W10D4;S-O SEBAST;ZARATE;SOUTHERN ACE;FOB
67027816;9BWCB05W68T050566;;5W10D4;S-O SEBAST;ZARATE;SOUTHERN ACE;FOB
67027816;9BWCB05W78T036823;;5W10D4;S-O SEBAST;ZARATE;SOUTHERN ACE;FOB
67027816;9BWCB05W78T038006;;5W10D4;S-O SEBAST;ZARATE;SOUTHERN ACE;FOB
67027816;9BWCB05W78T039365;;5W10D4;S-O SEBAST;ZARATE;SOUTHERN ACE;FOB
67027816;9BWCB05W78T039396;;5W10D4;S-O SEBAST;ZARATE;SOUTHERN ACE;FOB
67027816;9BWCB05W78T039477;;5W10D4;S-O SEBAST;ZARATE;SOUTHERN ACE;FOB
67027816;9BWCB05W78T041603;;5W10D4;S-O SEBAST;ZARATE;SOUTHERN ACE;FOB
67027816;9BWCB05W78T043139;;5W10D4;S-O SEBAST;ZARATE;SOUTHERN ACE;FOB
67027816;9BWCB05W78T043190;;5W10D4;S-O SEBAST;ZARATE;SOUTHERN ACE;FOB
67027816;9BWCB05W78T044775;;5W10D4;S-O SEBAST;ZARATE;SOUTHERN ACE;FOB
67027816;9BWCB05W78T044811;;5W10D4;S-O SEBAST;ZARATE;SOUTHERN ACE;FOB
67027816;9BWCB05W78T044985;;5W10D4;S-O SEBAST;ZARATE;SOUTHERN ACE;FOB
67027816;9BWCB05W78T045358;;5W10D4;S-O SEBAST;ZARATE;SOUTHERN ACE;FOB
67027816;9BWCB05W78T045439;;5W10D4;S-O SEBAST;ZARATE;SOUTHERN ACE;FOB
67027816;9BWCB05W78T046395;;5W10D4;S-O SEBAST;ZARATE;SOUTHERN ACE;FOB
67027816;9BWCB05W78T046610;;5W10D4;S-O SEBAST;ZARATE;SOUTHERN ACE;FOB
67027816;9BWCB05W78T046980;;5W10D4;S-O SEBAST;ZARATE;SOUTHERN ACE;FOB
67027816;9BWCB05W78T047174;;5W10D4;S-O SEBAST;ZARATE;SOUTHERN ACE;FOB
67027816;9BWCB05W78T047529;;5W10D4;S-O SEBAST;ZARATE;SOUTHERN ACE;FOB
67027816;9BWCB05W78T048163;;5W10D4;S-O SEBAST;ZARATE;SOUTHERN ACE;FOB
67027816;9BWCB05W78T048261;;5W10D4;S-O SEBAST;ZARATE;SOUTHERN ACE;FOB
67027816;9BWCB05W78T048776;;5W10D4;S-O SEBAST;ZARATE;SOUTHERN ACE;FOB
67027816;9BWCB05W78T049121;;5W10D4;S-O SEBAST;ZARATE;SOUTHERN ACE;FOB
67027816;9BWCB05W78T049166;;5W10D4;S-O SEBAST;ZARATE;SOUTHERN ACE;FOB
67027816;9BWCB05W78T049412;;5W10D4;S-O SEBAST;ZARATE;SOUTHERN ACE;FOB
67027816;9BWCB05W78T049717;;5W10D4;S-O SEBAST;ZARATE;SOUTHERN ACE;FOB
67027816;9BWCB05W88T034580;;5W10D4;S-O SEBAST;ZARATE;SOUTHERN ACE;FOB
67027816;9BWCB05W88T037267;;5W10D4;S-O SEBAST;ZARATE;SOUTHERN ACE;FOB
67027816;9BWCB05W88T038869;;5W10D4;S-O SEBAST;ZARATE;SOUTHERN ACE;FOB
67027816;9BWCB05W88T039617;;5W10D4;S-O SEBAST;ZARATE;SOUTHERN ACE;FOB
67027816;9BWCB05W88T042727;;5W10D4;S-O SEBAST;ZARATE;SOUTHERN ACE;FOB
67027816;9BWCB05W88T045126;;5W10D4;S-O SEBAST;ZARATE;SOUTHERN ACE;FOB
67027816;9BWCB05WX8T039585;;5W10D4;S-O SEBAST;ZARATE;SOUTHERN ACE;FOB
67027816;9BWCB05WX8T040574;;5W10D4;S-O SEBAST;ZARATE;SOUTHERN ACE;FOB
67027816;9BWCB05WX8T044852;;5W10D4;S-O SEBAST;ZARATE;SOUTHERN ACE;FOB
67027816;9BWCB05WX8T047136;;5W10D4;S-O SEBAST;ZARATE;SOUTHERN ACE;FOB
67027816;9BWCB05WX8T047444;;5W10D4;S-O SEBAST;ZARATE;SOUTHERN ACE;FOB
67027816;9BWCB05WX8T047654;;5W10D4;S-O SEBAST;ZARATE;SOUTHERN ACE;FOB
67027816;9BWCB05WX8T047685;;5W10D4;S-O SEBAST;ZARATE;SOUTHERN ACE;FOB
67027816;9BWCB05WX8T049789;;5W10D4;S-O SEBAST;ZARATE;SOUTHERN ACE;FOB
67027816;9BWCB05WX8T050151;;5W10D4;S-O SEBAST;ZARATE;SOUTHERN ACE;FOB
67027816;9BWCB05W88T045756;;5W10D4;S-O SEBAST;ZARATE;SOUTHERN ACE;FOB
67027816;9BWCB05W88T046650;;5W10D4;S-O SEBAST;ZARATE;SOUTHERN ACE;FOB
67027816;9BWCB05W88T046812;;5W10D4;S-O SEBAST;ZARATE;SOUTHERN ACE;FOB
67027816;9BWCB05W88T046910;;5W10D4;S-O SEBAST;ZARATE;SOUTHERN ACE;FOB
67027816;9BWCB05W88T047670;;5W10D4;S-O SEBAST;ZARATE;SOUTHERN ACE;FOB
67027816;9BWCB05W88T047698;;5W10D4;S-O SEBAST;ZARATE;SOUTHERN ACE;FOB
67027816;9BWCB05W98T033485;;5W10D4;S-O SEBAST;ZARATE;SOUTHERN ACE;FOB
67027816;9BWCB05W98T037620;;5W10D4;S-O SEBAST;ZARATE;SOUTHERN ACE;FOB
67027816;9BWCB05W98T039416;;5W10D4;S-O SEBAST;ZARATE;SOUTHERN ACE;FOB
67027816;9BWCB05W98T041439;;5W10D4;S-O SEBAST;ZARATE;SOUTHERN ACE;FOB
67027816;9BWCB05W98T042445;;5W10D4;S-O SEBAST;ZARATE;SOUTHERN ACE;FOB
67027816;9BWCB05W98T042574;;5W10D4;S-O SEBAST;ZARATE;SOUTHERN ACE;FOB
67027816;9BWCB05W98T042803;;5W10D4;S-O SEBAST;ZARATE;SOUTHERN ACE;FOB
67027816;9BWCB05W98T043109;;5W10D4;S-O SEBAST;ZARATE;SOUTHERN ACE;FOB
67027816;9BWCB05W98T044633;;5W10D4;S-O SEBAST;ZARATE;SOUTHERN ACE;FOB
67027816;9BWCB05W98T044986;;5W10D4;S-O SEBAST;ZARATE;SOUTHERN ACE;FOB
67027816;9BWCB05W98T045474;;5W10D4;S-O SEBAST;ZARATE;SOUTHERN ACE;FOB
67027816;9BWCB05W98T046303;;5W10D4;S-O SEBAST;ZARATE;SOUTHERN ACE;FOB
67027816;9BWCB05W98T046740;;5W10D4;S-O SEBAST;ZARATE;SOUTHERN ACE;FOB
67027816;9BWCB05W98T047581;;5W10D4;S-O SEBAST;ZARATE;SOUTHERN ACE;FOB
67027816;9BWCB05W98T049024;;5W10D4;S-O SEBAST;ZARATE;SOUTHERN ACE;FOB
67027816;9BWCB05W98T051078;;5W10D4;S-O SEBAST;ZARATE;SOUTHERN ACE;FOB
67027816;9BWCD05WX8T042643;;5W10J4;S-O SEBAST;ZARATE;SOUTHERN ACE;FOB
67027816;9BWCD05WX8T043064;;5W10J4;S-O SEBAST;ZARATE;SOUTHERN ACE;FOB
67027816;9BWCD05W28T042734;;5W10J4;S-O SEBAST;ZARATE;SOUTHERN ACE;FOB
67027816;9BWCD05W28T044225;;5W10J4;S-O SEBAST;ZARATE;SOUTHERN ACE;FOB
67027816;9BWCD05W38T043049;;5W10J4;S-O SEBAST;ZARATE;SOUTHERN ACE;FOB
67027816;9BWCD05W48T041536;;5W10J4;S-O SEBAST;ZARATE;SOUTHERN ACE;FOB
67027816;9BWCD05W58T043246;;5W10J4;S-O SEBAST;ZARATE;SOUTHERN ACE;FOB
67027816;9BWCD05W68T043613;;5W10J4;S-O SEBAST;ZARATE;SOUTHERN ACE;FOB
67027816;9BWCD05W78T043555;;5W10J4;S-O SEBAST;ZARATE;SOUTHERN ACE;FOB
67027816;9BWCD05W78T043782;;5W10J4;S-O SEBAST;ZARATE;SOUTHERN ACE;FOB
67027816;9BWCD05W98T042617;;5W10J4;S-O SEBAST;ZARATE;SOUTHERN ACE;FOB
67027816;9BWCB45WX8T045815;;5W11D4;S-O SEBAST;ZARATE;SOUTHERN ACE;FOB
67027816;9BWCB45WX8T046169;;5W11D4;S-O SEBAST;ZARATE;SOUTHERN ACE;FOB
67027816;9BWCB45WX8T049086;;5W11D4;S-O SEBAST;ZARATE;SOUTHERN ACE;FOB
67027816;9BWCB45W08T045662;;5W11D4;S-O SEBAST;ZARATE;SOUTHERN ACE;FOB
67027816;9BWCB45W08T048125;;5W11D4;S-O SEBAST;ZARATE;SOUTHERN ACE;FOB
67027816;9BWCB45W08T048254;;5W11D4;S-O SEBAST;ZARATE;SOUTHERN ACE;FOB
67027816;9BWCB45W08T049484;;5W11D4;S-O SEBAST;ZARATE;SOUTHERN ACE;FOB
67027816;9BWCB45W18T045685;;5W11D4;S-O SEBAST;ZARATE;SOUTHERN ACE;FOB
67027816;9BWCB45W18T049008;;5W11D4;S-O SEBAST;ZARATE;SOUTHERN ACE;FOB
67027816;9BWCB45W28T047185;;5W11D4;S-O SEBAST;ZARATE;SOUTHERN ACE;FOB
67027816;9BWCB45W38T045445;;5W11D4;S-O SEBAST;ZARATE;SOUTHERN ACE;FOB
67027816;9BWCB45W38T045980;;5W11D4;S-O SEBAST;ZARATE;SOUTHERN ACE;FOB
67027816;9BWCB45W38T046076;;5W11D4;S-O SEBAST;ZARATE;SOUTHERN ACE;FOB
67027816;9BWCB45W38T048930;;5W11D4;S-O SEBAST;ZARATE;SOUTHERN ACE;FOB
67027816;9BWCB45W48T045647;;5W11D4;S-O SEBAST;ZARATE;SOUTHERN ACE;FOB
67027816;9BWCB45W48T045678;;5W11D4;S-O SEBAST;ZARATE;SOUTHERN ACE;FOB
67027816;9BWCB45W48T045776;;5W11D4;S-O SEBAST;ZARATE;SOUTHERN ACE;FOB
67027816;9BWCB45W48T048676;;5W11D4;S-O SEBAST;ZARATE;SOUTHERN ACE;FOB
67027816;9BWCB45W48T048838;;5W11D4;S-O SEBAST;ZARATE;SOUTHERN ACE;FOB
67027816;9BWCB45W58T045933;;5W11D4;S-O SEBAST;ZARATE;SOUTHERN ACE;FOB
67027816;9BWCB45W68T045830;;5W11D4;S-O SEBAST;ZARATE;SOUTHERN ACE;FOB
67027816;9BWCB45W68T045956;;5W11D4;S-O SEBAST;ZARATE;SOUTHERN ACE;FOB
67027816;9BWCB45W68T047044;;5W11D4;S-O SEBAST;ZARATE;SOUTHERN ACE;FOB
67027816;9BWCB45W78T045979;;5W11D4;S-O SEBAST;ZARATE;SOUTHERN ACE;FOB
67027816;9BWCB45W78T047022;;5W11D4;S-O SEBAST;ZARATE;SOUTHERN ACE;FOB
67027816;9BWCB45W78T049711;;5W11D4;S-O SEBAST;ZARATE;SOUTHERN ACE;FOB
67027816;9BWCB45W88T046817;;5W11D4;S-O SEBAST;ZARATE;SOUTHERN ACE;FOB
67027816;9BWCB45W88T048857;;5W11D4;S-O SEBAST;ZARATE;SOUTHERN ACE;FOB
67027816;9BWCB45W98T046034;;5W11D4;S-O SEBAST;ZARATE;SOUTHERN ACE;FOB
67027816;9BWCB45W98T048768;;5W11D4;S-O SEBAST;ZARATE;SOUTHERN ACE;FOB
67027817;9BWCB05W28T052671;;5W10D4;S-O SEBAST;ZARATE;SOUTHERN ACE;FOB
67027817;9BWCB05W28T052900;;5W10D4;S-O SEBAST;ZARATE;SOUTHERN ACE;FOB
67027817;9BWCB05W28T053058;;5W10D4;S-O SEBAST;ZARATE;SOUTHERN ACE;FOB
67027817;9BWCB05W38T047074;;5W10D4;S-O SEBAST;ZARATE;SOUTHERN ACE;FOB
67027817;9BWCB05W38T047401;;5W10D4;S-O SEBAST;ZARATE;SOUTHERN ACE;FOB
67027817;9BWCB05W38T048080;;5W10D4;S-O SEBAST;ZARATE;SOUTHERN ACE;FOB
67027817;9BWCB05W38T048287;;5W10D4;S-O SEBAST;ZARATE;SOUTHERN ACE;FOB
67027817;9BWCB05W38T048581;;5W10D4;S-O SEBAST;ZARATE;SOUTHERN ACE;FOB
67027817;9BWCB05W38T049682;;5W10D4;S-O SEBAST;ZARATE;SOUTHERN ACE;FOB
67027817;9BWCB05W38T050041;;5W10D4;S-O SEBAST;ZARATE;SOUTHERN ACE;FOB
67027817;9BWCB05W38T050167;;5W10D4;S-O SEBAST;ZARATE;SOUTHERN ACE;FOB
67027817;9BWCB05W38T050928;;5W10D4;S-O SEBAST;ZARATE;SOUTHERN ACE;FOB
67027817;9BWCB05W38T051223;;5W10D4;S-O SEBAST;ZARATE;SOUTHERN ACE;FOB
67027817;9BWCB05W38T051707;;5W10D4;S-O SEBAST;ZARATE;SOUTHERN ACE;FOB
67027817;9BWCB05W38T051898;;5W10D4;S-O SEBAST;ZARATE;SOUTHERN ACE;FOB
67027817;9BWCB05W38T052730;;5W10D4;S-O SEBAST;ZARATE;SOUTHERN ACE;FOB
67027817;9BWCB05W38T052761;;5W10D4;S-O SEBAST;ZARATE;SOUTHERN ACE;FOB
67027817;9BWCB05W38T053103;;5W10D4;S-O SEBAST;ZARATE;SOUTHERN ACE;FOB
67027817;9BWCB05W48T039405;;5W10D4;S-O SEBAST;ZARATE;SOUTHERN ACE;FOB
67027817;9BWCB05W48T042563;;5W10D4;S-O SEBAST;ZARATE;SOUTHERN ACE;FOB
67027817;9BWCB05W48T043504;;5W10D4;S-O SEBAST;ZARATE;SOUTHERN ACE;FOB
67027817;9BWCB05W48T045270;;5W10D4;S-O SEBAST;ZARATE;SOUTHERN ACE;FOB
67027817;9BWCB05W48T046886;;5W10D4;S-O SEBAST;ZARATE;SOUTHERN ACE;FOB
67027817;9BWCB05W48T046998;;5W10D4;S-O SEBAST;ZARATE;SOUTHERN ACE;FOB
67027817;9BWCB05W48T047844;;5W10D4;S-O SEBAST;ZARATE;SOUTHERN ACE;FOB
67027817;9BWCB05W48T048010;;5W10D4;S-O SEBAST;ZARATE;SOUTHERN ACE;FOB
67027817;9BWCB05W48T048492;;5W10D4;S-O SEBAST;ZARATE;SOUTHERN ACE;FOB
67027817;9BWCB05W48T049772;;5W10D4;S-O SEBAST;ZARATE;SOUTHERN ACE;FOB
67027817;9BWCB05W48T050050;;5W10D4;S-O SEBAST;ZARATE;SOUTHERN ACE;FOB
67027817;9BWCB05W48T050615;;5W10D4;S-O SEBAST;ZARATE;SOUTHERN ACE;FOB
67027817;9BWCB05W48T050744;;5W10D4;S-O SEBAST;ZARATE;SOUTHERN ACE;FOB
67027817;9BWCB05W48T052414;;5W10D4;S-O SEBAST;ZARATE;SOUTHERN ACE;FOB
67027817;9BWCB05W48T052543;;5W10D4;S-O SEBAST;ZARATE;SOUTHERN ACE;FOB
67027817;9BWCB05W48T052736;;5W10D4;S-O SEBAST;ZARATE;SOUTHERN ACE;FOB
67027817;9BWCB05W58T045780;;5W10D4;S-O SEBAST;ZARATE;SOUTHERN ACE;FOB
67027817;9BWCB05W58T045875;;5W10D4;S-O SEBAST;ZARATE;SOUTHERN ACE;FOB
67027817;9BWCB05W58T046556;;5W10D4;S-O SEBAST;ZARATE;SOUTHERN ACE;FOB
67027817;9BWCB05W58T046668;;5W10D4;S-O SEBAST;ZARATE;SOUTHERN ACE;FOB
67027817;9BWCB05W58T048209;;5W10D4;S-O SEBAST;ZARATE;SOUTHERN ACE;FOB
67027817;9BWCB05W58T050378;;5W10D4;S-O SEBAST;ZARATE;SOUTHERN ACE;FOB
67027817;9BWCB05W58T050932;;5W10D4;S-O SEBAST;ZARATE;SOUTHERN ACE;FOB
67027817;9BWCB05W58T051210;;5W10D4;S-O SEBAST;ZARATE;SOUTHERN ACE;FOB
67027817;9BWCB05W58T051966;;5W10D4;S-O SEBAST;ZARATE;SOUTHERN ACE;FOB
67027817;9BWCB05W58T052051;;5W10D4;S-O SEBAST;ZARATE;SOUTHERN ACE;FOB
67027817;9BWCB05W58T052261;;5W10D4;S-O SEBAST;ZARATE;SOUTHERN ACE;FOB
67027817;9BWCB05W58T052275;;5W10D4;S-O SEBAST;ZARATE;SOUTHERN ACE;FOB
67027817;9BWCB05W58T052728;;5W10D4;S-O SEBAST;ZARATE;SOUTHERN ACE;FOB
67027817;9BWCB05W58T052745;;5W10D4;S-O SEBAST;ZARATE;SOUTHERN ACE;FOB
67027817;9BWCB05W58T052812;;5W10D4;S-O SEBAST;ZARATE;SOUTHERN ACE;FOB
67027817;9BWCB05W68T044590;;5W10D4;S-O SEBAST;ZARATE;SOUTHERN ACE;FOB
67027817;9BWCB05W68T044718;;5W10D4;S-O SEBAST;ZARATE;SOUTHERN ACE;FOB
67027817;9BWCB05W68T045805;;5W10D4;S-O SEBAST;ZARATE;SOUTHERN ACE;FOB
67027817;9BWCB05W68T047781;;5W10D4;S-O SEBAST;ZARATE;SOUTHERN ACE;FOB
67027817;9BWCB05W68T047974;;5W10D4;S-O SEBAST;ZARATE;SOUTHERN ACE;FOB
67027817;9BWCB05W68T047988;;5W10D4;S-O SEBAST;ZARATE;SOUTHERN ACE;FOB
67027817;9BWCB05W68T049479;;5W10D4;S-O SEBAST;ZARATE;SOUTHERN ACE;FOB
67027817;9BWCB05W68T049644;;5W10D4;S-O SEBAST;ZARATE;SOUTHERN ACE;FOB
67027817;9BWCB05W68T049675;;5W10D4;S-O SEBAST;ZARATE;SOUTHERN ACE;FOB
67027817;9BWCB05W68T049871;;5W10D4;S-O SEBAST;ZARATE;SOUTHERN ACE;FOB
67027817;9BWCB05W68T049885;;5W10D4;S-O SEBAST;ZARATE;SOUTHERN ACE;FOB
67027817;9BWCB05W68T050728;;5W10D4;S-O SEBAST;ZARATE;SOUTHERN ACE;FOB
67027817;9BWCB05W68T050745;;5W10D4;S-O SEBAST;ZARATE;SOUTHERN ACE;FOB
67027817;9BWCB05W68T051541;;5W10D4;S-O SEBAST;ZARATE;SOUTHERN ACE;FOB
67027817;9BWCB05W68T051829;;5W10D4;S-O SEBAST;ZARATE;SOUTHERN ACE;FOB
67027817;9BWCB05W68T052088;;5W10D4;S-O SEBAST;ZARATE;SOUTHERN ACE;FOB
67027817;9BWCB05W68T052379;;5W10D4;S-O SEBAST;ZARATE;SOUTHERN ACE;FOB
67027817;9BWCB05W68T052947;;5W10D4;S-O SEBAST;ZARATE;SOUTHERN ACE;FOB
67027817;9BWCB05W78T042864;;5W10D4;S-O SEBAST;ZARATE;SOUTHERN ACE;FOB
67027817;9BWCB05W78T046123;;5W10D4;S-O SEBAST;ZARATE;SOUTHERN ACE;FOB
67027817;9BWCB05W78T047515;;5W10D4;S-O SEBAST;ZARATE;SOUTHERN ACE;FOB
67027817;9BWCB05W78T047787;;5W10D4;S-O SEBAST;ZARATE;SOUTHERN ACE;FOB
67027817;9BWCB05W78T048681;;5W10D4;S-O SEBAST;ZARATE;SOUTHERN ACE;FOB
67027817;9BWCB05W78T048941;;5W10D4;S-O SEBAST;ZARATE;SOUTHERN ACE;FOB
67027817;9BWCB05W78T048972;;5W10D4;S-O SEBAST;ZARATE;SOUTHERN ACE;FOB
67027817;9BWCB05W78T049880;;5W10D4;S-O SEBAST;ZARATE;SOUTHERN ACE;FOB
67027817;9BWCB05W78T050415;;5W10D4;S-O SEBAST;ZARATE;SOUTHERN ACE;FOB
67027817;9BWCB05W78T050687;;5W10D4;S-O SEBAST;ZARATE;SOUTHERN ACE;FOB
67027817;9BWCB05W78T051225;;5W10D4;S-O SEBAST;ZARATE;SOUTHERN ACE;FOB
67027817;9BWCB05W78T051595;;5W10D4;S-O SEBAST;ZARATE;SOUTHERN ACE;FOB
67027817;9BWCB05W78T051757;;5W10D4;S-O SEBAST;ZARATE;SOUTHERN ACE;FOB
67027817;9BWCB05W78T051905;;5W10D4;S-O SEBAST;ZARATE;SOUTHERN ACE;FOB
67027817;9BWCB05W78T053122;;5W10D4;S-O SEBAST;ZARATE;SOUTHERN ACE;FOB
67027817;9BWCB05W88T042503;;5W10D4;S-O SEBAST;ZARATE;SOUTHERN ACE;FOB
67027817;9BWCB05W88T048303;;5W10D4;S-O SEBAST;ZARATE;SOUTHERN ACE;FOB
67027817;9BWCB05W88T049225;;5W10D4;S-O SEBAST;ZARATE;SOUTHERN ACE;FOB
67027817;9BWCB05W88T049581;;5W10D4;S-O SEBAST;ZARATE;SOUTHERN ACE;FOB
67027817;9BWCB05W88T049824;;5W10D4;S-O SEBAST;ZARATE;SOUTHERN ACE;FOB
67027817;9BWCB05W88T050178;;5W10D4;S-O SEBAST;ZARATE;SOUTHERN ACE;FOB
67027817;9BWCB05W88T050228;;5W10D4;S-O SEBAST;ZARATE;SOUTHERN ACE;FOB
67027817;9BWCB05W88T050309;;5W10D4;S-O SEBAST;ZARATE;SOUTHERN ACE;FOB
67027817;9BWCB05W88T050696;;5W10D4;S-O SEBAST;ZARATE;SOUTHERN ACE;FOB
67027817;9BWCB05W88T050889;;5W10D4;S-O SEBAST;ZARATE;SOUTHERN ACE;FOB
67027817;9BWCB05W88T050892;;5W10D4;S-O SEBAST;ZARATE;SOUTHERN ACE;FOB
67027817;9BWCB05W88T051752;;5W10D4;S-O SEBAST;ZARATE;SOUTHERN ACE;FOB
67027817;9BWCB05W88T052450;;5W10D4;S-O SEBAST;ZARATE;SOUTHERN ACE;FOB
67027817;9BWCB05W88T052741;;5W10D4;S-O SEBAST;ZARATE;SOUTHERN ACE;FOB
67027817;9BWCB05W88T052948;;5W10D4;S-O SEBAST;ZARATE;SOUTHERN ACE;FOB
67027817;9BWCB05W98T045264;;5W10D4;S-O SEBAST;ZARATE;SOUTHERN ACE;FOB
67027817;9BWCB05W98T047015;;5W10D4;S-O SEBAST;ZARATE;SOUTHERN ACE;FOB
67027817;9BWCB05W98T047399;;5W10D4;S-O SEBAST;ZARATE;SOUTHERN ACE;FOB
67027817;9BWCB05W98T047788;;5W10D4;S-O SEBAST;ZARATE;SOUTHERN ACE;FOB
67027817;9BWCB05W98T048102;;5W10D4;S-O SEBAST;ZARATE;SOUTHERN ACE;FOB
67027817;9BWCB05W98T048648;;5W10D4;S-O SEBAST;ZARATE;SOUTHERN ACE;FOB
67027817;9BWCB05W98T049072;;5W10D4;S-O SEBAST;ZARATE;SOUTHERN ACE;FOB
67027817;9BWCB05W98T049217;;5W10D4;S-O SEBAST;ZARATE;SOUTHERN ACE;FOB
67027817;9BWCB05W98T049332;;5W10D4;S-O SEBAST;ZARATE;SOUTHERN ACE;FOB
67027817;9BWCB05W98T049962;;5W10D4;S-O SEBAST;ZARATE;SOUTHERN ACE;FOB
67027817;9BWCB05W98T050609;;5W10D4;S-O SEBAST;ZARATE;SOUTHERN ACE;FOB
67027817;9BWCB05W98T052098;;5W10D4;S-O SEBAST;ZARATE;SOUTHERN ACE;FOB
67027817;9BWCB05W98T052795;;5W10D4;S-O SEBAST;ZARATE;SOUTHERN ACE;FOB
67027817;9BWCD05W28T043432;;5W10J4;S-O SEBAST;ZARATE;SOUTHERN ACE;FOB
67027817;9BWCD05W88T043046;;5W10J4;S-O SEBAST;ZARATE;SOUTHERN ACE;FOB
67027817;9BWCB45WX8T046401;;5W11D4;S-O SEBAST;ZARATE;SOUTHERN ACE;FOB
67027817;9BWCB45WX8T048312;;5W11D4;S-O SEBAST;ZARATE;SOUTHERN ACE;FOB
67027817;9BWCB45W08T052224;;5W11D4;S-O SEBAST;ZARATE;SOUTHERN ACE;FOB
67027817;9BWCB45W18T047808;;5W11D4;S-O SEBAST;ZARATE;SOUTHERN ACE;FOB
67027817;9BWCB45W28T047896;;5W11D4;S-O SEBAST;ZARATE;SOUTHERN ACE;FOB
67027817;9BWCB45W38T045610;;5W11D4;S-O SEBAST;ZARATE;SOUTHERN ACE;FOB
67027817;9BWCB45W38T045820;;5W11D4;S-O SEBAST;ZARATE;SOUTHERN ACE;FOB
67027817;9BWCB45W48T046622;;5W11D4;S-O SEBAST;ZARATE;SOUTHERN ACE;FOB
67027817;9BWCB45W48T047981;;5W11D4;S-O SEBAST;ZARATE;SOUTHERN ACE;FOB
67027817;9BWCB45W48T048970;;5W11D4;S-O SEBAST;ZARATE;SOUTHERN ACE;FOB
67027817;9BWCB45W58T046421;;5W11D4;S-O SEBAST;ZARATE;SOUTHERN ACE;FOB
67027817;9BWCB45W58T047147;;5W11D4;S-O SEBAST;ZARATE;SOUTHERN ACE;FOB
67027817;9BWCB45W58T047701;;5W11D4;S-O SEBAST;ZARATE;SOUTHERN ACE;FOB
67027817;9BWCB45W58T048671;;5W11D4;S-O SEBAST;ZARATE;SOUTHERN ACE;FOB
67027817;9BWCB45W68T047772;;5W11D4;S-O SEBAST;ZARATE;SOUTHERN ACE;FOB
67027817;9BWCB05WX8T034550;;5W10D4;S-O SEBAST;ZARATE;SOUTHERN ACE;FOB
67027817;9BWCB05WX8T039361;;5W10D4;S-O SEBAST;ZARATE;SOUTHERN ACE;FOB
67027817;9BWCB05WX8T042289;;5W10D4;S-O SEBAST;ZARATE;SOUTHERN ACE;FOB
67027817;9BWCB05WX8T043104;;5W10D4;S-O SEBAST;ZARATE;SOUTHERN ACE;FOB
67027817;9BWCB05WX8T045452;;5W10D4;S-O SEBAST;ZARATE;SOUTHERN ACE;FOB
67027817;9BWCB05WX8T045497;;5W10D4;S-O SEBAST;ZARATE;SOUTHERN ACE;FOB
67027817;9BWCB05WX8T047573;;5W10D4;S-O SEBAST;ZARATE;SOUTHERN ACE;FOB
67027817;9BWCB05WX8T048027;;5W10D4;S-O SEBAST;ZARATE;SOUTHERN ACE;FOB
67027817;9BWCB05WX8T049923;;5W10D4;S-O SEBAST;ZARATE;SOUTHERN ACE;FOB
67027817;9BWCB05WX8T050036;;5W10D4;S-O SEBAST;ZARATE;SOUTHERN ACE;FOB
67027817;9BWCB05WX8T050361;;5W10D4;S-O SEBAST;ZARATE;SOUTHERN ACE;FOB
67027817;9BWCB05WX8T050781;;5W10D4;S-O SEBAST;ZARATE;SOUTHERN ACE;FOB
67027817;9BWCB05WX8T052627;;5W10D4;S-O SEBAST;ZARATE;SOUTHERN ACE;FOB
67027817;9BWCB05WX8T052692;;5W10D4;S-O SEBAST;ZARATE;SOUTHERN ACE;FOB
67027817;9BWCB05WX8T052739;;5W10D4;S-O SEBAST;ZARATE;SOUTHERN ACE;FOB
67027817;9BWCB05WX8T052949;;5W10D4;S-O SEBAST;ZARATE;SOUTHERN ACE;FOB
67027817;9BWCB05W08T041829;;5W10D4;S-O SEBAST;ZARATE;SOUTHERN ACE;FOB
67027817;9BWCB05W08T045556;;5W10D4;S-O SEBAST;ZARATE;SOUTHERN ACE;FOB
67027817;9BWCB05W08T047338;;5W10D4;S-O SEBAST;ZARATE;SOUTHERN ACE;FOB
67027817;9BWCB05W08T047565;;5W10D4;S-O SEBAST;ZARATE;SOUTHERN ACE;FOB
67027817;9BWCB05W08T047873;;5W10D4;S-O SEBAST;ZARATE;SOUTHERN ACE;FOB
67027817;9BWCB05W08T048862;;5W10D4;S-O SEBAST;ZARATE;SOUTHERN ACE;FOB
67027817;9BWCB05W08T048988;;5W10D4;S-O SEBAST;ZARATE;SOUTHERN ACE;FOB
67027817;9BWCB05W08T049123;;5W10D4;S-O SEBAST;ZARATE;SOUTHERN ACE;FOB
67027817;9BWCB05W08T049221;;5W10D4;S-O SEBAST;ZARATE;SOUTHERN ACE;FOB
67027817;9BWCB05W08T050403;;5W10D4;S-O SEBAST;ZARATE;SOUTHERN ACE;FOB
67027817;9BWCB05W08T051146;;5W10D4;S-O SEBAST;ZARATE;SOUTHERN ACE;FOB
67027817;9BWCB05W08T051180;;5W10D4;S-O SEBAST;ZARATE;SOUTHERN ACE;FOB
67027817;9BWCB05W08T051647;;5W10D4;S-O SEBAST;ZARATE;SOUTHERN ACE;FOB
67027817;9BWCB05W08T052538;;5W10D4;S-O SEBAST;ZARATE;SOUTHERN ACE;FOB
67027817;9BWCB05W08T052541;;5W10D4;S-O SEBAST;ZARATE;SOUTHERN ACE;FOB
67027817;9BWCB05W08T052622;;5W10D4;S-O SEBAST;ZARATE;SOUTHERN ACE;FOB
67027817;9BWCB05W08T052670;;5W10D4;S-O SEBAST;ZARATE;SOUTHERN ACE;FOB
67027817;9BWCB05W08T052930;;5W10D4;S-O SEBAST;ZARATE;SOUTHERN ACE;FOB
67027817;9BWCB05W18T042181;;5W10D4;S-O SEBAST;ZARATE;SOUTHERN ACE;FOB
67027817;9BWCB05W18T046067;;5W10D4;S-O SEBAST;ZARATE;SOUTHERN ACE;FOB
67027817;9BWCB05W18T046747;;5W10D4;S-O SEBAST;ZARATE;SOUTHERN ACE;FOB
67027817;9BWCB05W18T048983;;5W10D4;S-O SEBAST;ZARATE;SOUTHERN ACE;FOB
67027817;9BWCB05W18T049258;;5W10D4;S-O SEBAST;ZARATE;SOUTHERN ACE;FOB
67027817;9BWCB05W18T049681;;5W10D4;S-O SEBAST;ZARATE;SOUTHERN ACE;FOB
67027817;9BWCB05W18T050474;;5W10D4;S-O SEBAST;ZARATE;SOUTHERN ACE;FOB
67027817;9BWCB05W18T050510;;5W10D4;S-O SEBAST;ZARATE;SOUTHERN ACE;FOB
67027817;9BWCB05W18T051527;;5W10D4;S-O SEBAST;ZARATE;SOUTHERN ACE;FOB
67027817;9BWCB05W18T051687;;5W10D4;S-O SEBAST;ZARATE;SOUTHERN ACE;FOB
67027817;9BWCB05W18T052127;;5W10D4;S-O SEBAST;ZARATE;SOUTHERN ACE;FOB
67027817;9BWCB05W18T052502;;5W10D4;S-O SEBAST;ZARATE;SOUTHERN ACE;FOB
67027817;9BWCB05W18T052807;;5W10D4;S-O SEBAST;ZARATE;SOUTHERN ACE;FOB
67027817;9BWCB05W18T052967;;5W10D4;S-O SEBAST;ZARATE;SOUTHERN ACE;FOB
67027817;9BWCB05W28T042481;;5W10D4;S-O SEBAST;ZARATE;SOUTHERN ACE;FOB
67027817;9BWCB05W28T044585;;5W10D4;S-O SEBAST;ZARATE;SOUTHERN ACE;FOB
67027817;9BWCB05W28T045767;;5W10D4;S-O SEBAST;ZARATE;SOUTHERN ACE;FOB
67027817;9BWCB05W28T046434;;5W10D4;S-O SEBAST;ZARATE;SOUTHERN ACE;FOB
67027817;9BWCB05W28T047115;;5W10D4;S-O SEBAST;ZARATE;SOUTHERN ACE;FOB
67027817;9BWCB05W28T047633;;5W10D4;S-O SEBAST;ZARATE;SOUTHERN ACE;FOB
67027817;9BWCB05W28T047681;;5W10D4;S-O SEBAST;ZARATE;SOUTHERN ACE;FOB
67027817;9BWCB05W28T047972;;5W10D4;S-O SEBAST;ZARATE;SOUTHERN ACE;FOB
67027817;9BWCB05W28T048068;;5W10D4;S-O SEBAST;ZARATE;SOUTHERN ACE;FOB
67027817;9BWCB05W28T048491;;5W10D4;S-O SEBAST;ZARATE;SOUTHERN ACE;FOB
67027817;9BWCB05W28T049219;;5W10D4;S-O SEBAST;ZARATE;SOUTHERN ACE;FOB
67027817;9BWCB05W28T050449;;5W10D4;S-O SEBAST;ZARATE;SOUTHERN ACE;FOB
67027817;9BWCB05W28T051620;;5W10D4;S-O SEBAST;ZARATE;SOUTHERN ACE;FOB
67027817;9BWCB05W28T051746;;5W10D4;S-O SEBAST;ZARATE;SOUTHERN ACE;FOB
67027817;9BWCB05W28T051763;;5W10D4;S-O SEBAST;ZARATE;SOUTHERN ACE;FOB
67027817;9BWCB05W28T051956;;5W10D4;S-O SEBAST;ZARATE;SOUTHERN ACE;FOB
67027817;9BWCB45W68T047836;;5W11D4;S-O SEBAST;ZARATE;SOUTHERN ACE;FOB
67027817;9BWCB45W68T048372;;5W11D4;S-O SEBAST;ZARATE;SOUTHERN ACE;FOB
67027817;9BWCB45W78T045660;;5W11D4;S-O SEBAST;ZARATE;SOUTHERN ACE;FOB
67027817;9BWCB45W78T046307;;5W11D4;S-O SEBAST;ZARATE;SOUTHERN ACE;FOB
67027817;9BWCB45W98T046499;;5W11D4;S-O SEBAST;ZARATE;SOUTHERN ACE;FOB
67027817;9BWCB45W98T047989;;5W11D4;S-O SEBAST;ZARATE;SOUTHERN ACE;FOB
67027817;9BWCB45W98T048611;;5W11D4;S-O SEBAST;ZARATE;SOUTHERN ACE;FOB
67027817;9BWCD45W78T051548;;5W11J4;S-O SEBAST;ZARATE;SOUTHERN ACE;FOB
67027817;9BWCD45W88T051753;;5W11J4;S-O SEBAST;ZARATE;SOUTHERN ACE;FOB
67027810;9BWDB05WX8T048601;;5W52D4;S-O SEBAST;ZARATE;SOUTHERN ACE;FOB
67027810;9BWDB05WX8T048789;;5W52D4;S-O SEBAST;ZARATE;SOUTHERN ACE;FOB
67027810;9BWDB05WX8T048839;;5W52D4;S-O SEBAST;ZARATE;SOUTHERN ACE;FOB
67027810;9BWDB05WX8T049098;;5W52D4;S-O SEBAST;ZARATE;SOUTHERN ACE;FOB
67027810;9BWDB05WX8T049165;;5W52D4;S-O SEBAST;ZARATE;SOUTHERN ACE;FOB
67027810;9BWDB05WX8T049456;;5W52D4;S-O SEBAST;ZARATE;SOUTHERN ACE;FOB
67027810;9BWDB05WX8T049733;;5W52D4;S-O SEBAST;ZARATE;SOUTHERN ACE;FOB
67027810;9BWDB05WX8T050171;;5W52D4;S-O SEBAST;ZARATE;SOUTHERN ACE;FOB
67027810;9BWDB05WX8T050591;;5W52D4;S-O SEBAST;ZARATE;SOUTHERN ACE;FOB
67027810;9BWDB05WX8T050655;;5W52D4;S-O SEBAST;ZARATE;SOUTHERN ACE;FOB
67027810;9BWDB05WX8T050753;;5W52D4;S-O SEBAST;ZARATE;SOUTHERN ACE;FOB
67027810;9BWDB05WX8T050798;;5W52D4;S-O SEBAST;ZARATE;SOUTHERN ACE;FOB
67027810;9BWDB05WX8T050803;;5W52D4;S-O SEBAST;ZARATE;SOUTHERN ACE;FOB
67027810;9BWDB05WX8T050851;;5W52D4;S-O SEBAST;ZARATE;SOUTHERN ACE;FOB
67027810;9BWDB05WX8T050896;;5W52D4;S-O SEBAST;ZARATE;SOUTHERN ACE;FOB
67027810;9BWDB05WX8T051160;;5W52D4;S-O SEBAST;ZARATE;SOUTHERN ACE;FOB
67027810;9BWDB05WX8T051921;;5W52D4;S-O SEBAST;ZARATE;SOUTHERN ACE;FOB
67027810;9BWDB05W08T048784;;5W52D4;S-O SEBAST;ZARATE;SOUTHERN ACE;FOB
67027810;9BWDB05W08T049577;;5W52D4;S-O SEBAST;ZARATE;SOUTHERN ACE;FOB
67027810;9BWDB05W08T050132;;5W52D4;S-O SEBAST;ZARATE;SOUTHERN ACE;FOB
67027810;9BWDB05W08T050647;;5W52D4;S-O SEBAST;ZARATE;SOUTHERN ACE;FOB
67027810;9BWDB05W08T050907;;5W52D4;S-O SEBAST;ZARATE;SOUTHERN ACE;FOB
67027810;9BWDB05W18T041164;;5W52D4;S-O SEBAST;ZARATE;SOUTHERN ACE;FOB
67027810;9BWDB05W18T047241;;5W52D4;S-O SEBAST;ZARATE;SOUTHERN ACE;FOB
67027810;9BWDB05W18T047319;;5W52D4;S-O SEBAST;ZARATE;SOUTHERN ACE;FOB
67027810;9BWDB05W18T048275;;5W52D4;S-O SEBAST;ZARATE;SOUTHERN ACE;FOB
67027810;9BWDB05W18T048860;;5W52D4;S-O SEBAST;ZARATE;SOUTHERN ACE;FOB
67027810;9BWDB05W18T049264;;5W52D4;S-O SEBAST;ZARATE;SOUTHERN ACE;FOB
67027810;9BWDB05W18T050012;;5W52D4;S-O SEBAST;ZARATE;SOUTHERN ACE;FOB
67027810;9BWDB05W18T050267;;5W52D4;S-O SEBAST;ZARATE;SOUTHERN ACE;FOB
67027810;9BWDB05W18T051239;;5W52D4;S-O SEBAST;ZARATE;SOUTHERN ACE;FOB
67027810;9BWDB05W28T047068;;5W52D4;S-O SEBAST;ZARATE;SOUTHERN ACE;FOB
67027810;9BWDB05W28T048575;;5W52D4;S-O SEBAST;ZARATE;SOUTHERN ACE;FOB
67027810;9BWDB05W28T049077;;5W52D4;S-O SEBAST;ZARATE;SOUTHERN ACE;FOB
67027810;9BWDB05W28T049550;;5W52D4;S-O SEBAST;ZARATE;SOUTHERN ACE;FOB
67027810;9BWDB05W28T049564;;5W52D4;S-O SEBAST;ZARATE;SOUTHERN ACE;FOB
67027810;9BWDB05W28T049743;;5W52D4;S-O SEBAST;ZARATE;SOUTHERN ACE;FOB
67027810;9BWDB05W28T050035;;5W52D4;S-O SEBAST;ZARATE;SOUTHERN ACE;FOB
67027810;9BWDB05W28T050147;;5W52D4;S-O SEBAST;ZARATE;SOUTHERN ACE;FOB
67027810;9BWDB05W28T050200;;5W52D4;S-O SEBAST;ZARATE;SOUTHERN ACE;FOB
67027810;9BWDB05W28T050665;;5W52D4;S-O SEBAST;ZARATE;SOUTHERN ACE;FOB
67027810;9BWDB05W28T050827;;5W52D4;S-O SEBAST;ZARATE;SOUTHERN ACE;FOB
67027810;9BWDB05W28T050844;;5W52D4;S-O SEBAST;ZARATE;SOUTHERN ACE;FOB
67027810;9BWDB05W28T051234;;5W52D4;S-O SEBAST;ZARATE;SOUTHERN ACE;FOB
67027810;9BWDB05W28T051458;;5W52D4;S-O SEBAST;ZARATE;SOUTHERN ACE;FOB
67027810;9BWDB05W28T051914;;5W52D4;S-O SEBAST;ZARATE;SOUTHERN ACE;FOB
67027810;9BWDB05W28T052660;;5W52D4;S-O SEBAST;ZARATE;SOUTHERN ACE;FOB
67027810;9BWDB05W28T056238;;5W52D4;S-O SEBAST;ZARATE;SOUTHERN ACE;FOB
67027810;9BWDB05W38T047063;;5W52D4;S-O SEBAST;ZARATE;SOUTHERN ACE;FOB
67027810;9BWDB05W38T048794;;5W52D4;S-O SEBAST;ZARATE;SOUTHERN ACE;FOB
67027810;9BWDB05W38T049802;;5W52D4;S-O SEBAST;ZARATE;SOUTHERN ACE;FOB
67027810;9BWDB05W38T049864;;5W52D4;S-O SEBAST;ZARATE;SOUTHERN ACE;FOB
67027810;9BWDB05W38T049914;;5W52D4;S-O SEBAST;ZARATE;SOUTHERN ACE;FOB
67027810;9BWDB05W38T050142;;5W52D4;S-O SEBAST;ZARATE;SOUTHERN ACE;FOB
67027810;9BWDB05W38T050660;;5W52D4;S-O SEBAST;ZARATE;SOUTHERN ACE;FOB
67027810;9BWDB05W38T051145;;5W52D4;S-O SEBAST;ZARATE;SOUTHERN ACE;FOB
67027810;9BWDB05W38T051209;;5W52D4;S-O SEBAST;ZARATE;SOUTHERN ACE;FOB
67027810;9BWDB05W48T048030;;5W52D4;S-O SEBAST;ZARATE;SOUTHERN ACE;FOB
67027810;9BWDB05W48T049307;;5W52D4;S-O SEBAST;ZARATE;SOUTHERN ACE;FOB
67027810;9BWDB05W48T049310;;5W52D4;S-O SEBAST;ZARATE;SOUTHERN ACE;FOB
67027810;9BWDB05W48T049436;;5W52D4;S-O SEBAST;ZARATE;SOUTHERN ACE;FOB
67027810;9BWDB05W48T049792;;5W52D4;S-O SEBAST;ZARATE;SOUTHERN ACE;FOB
67027810;9BWDB05W48T050022;;5W52D4;S-O SEBAST;ZARATE;SOUTHERN ACE;FOB
67027810;9BWDB05W48T050778;;5W52D4;S-O SEBAST;ZARATE;SOUTHERN ACE;FOB
67027810;9BWDB05W48T051140;;5W52D4;S-O SEBAST;ZARATE;SOUTHERN ACE;FOB
67027810;9BWDB05W48T051204;;5W52D4;S-O SEBAST;ZARATE;SOUTHERN ACE;FOB
67027810;9BWDB05W58T047257;;5W52D4;S-O SEBAST;ZARATE;SOUTHERN ACE;FOB
67027810;9BWDB05W58T048893;;5W52D4;S-O SEBAST;ZARATE;SOUTHERN ACE;FOB
67027810;9BWDB05W58T049431;;5W52D4;S-O SEBAST;ZARATE;SOUTHERN ACE;FOB
67027810;9BWDB05W58T049557;;5W52D4;S-O SEBAST;ZARATE;SOUTHERN ACE;FOB
67027810;9BWDB05W58T049669;;5W52D4;S-O SEBAST;ZARATE;SOUTHERN ACE;FOB
67027810;9BWDB05W58T050045;;5W52D4;S-O SEBAST;ZARATE;SOUTHERN ACE;FOB
67027810;9BWDB05W58T050059;;5W52D4;S-O SEBAST;ZARATE;SOUTHERN ACE;FOB
67027810;9BWDB05W58T050451;;5W52D4;S-O SEBAST;ZARATE;SOUTHERN ACE;FOB
67027810;9BWDB05W58T050773;;5W52D4;S-O SEBAST;ZARATE;SOUTHERN ACE;FOB
67027810;9BWDB05W58T050823;;5W52D4;S-O SEBAST;ZARATE;SOUTHERN ACE;FOB
67027810;9BWDB05W58T050837;;5W52D4;S-O SEBAST;ZARATE;SOUTHERN ACE;FOB
67027810;9BWDB05W68T048868;;5W52D4;S-O SEBAST;ZARATE;SOUTHERN ACE;FOB
67027810;9BWDB05W68T049700;;5W52D4;S-O SEBAST;ZARATE;SOUTHERN ACE;FOB
67027810;9BWDB05W68T049728;;5W52D4;S-O SEBAST;ZARATE;SOUTHERN ACE;FOB
67027810;9BWDB05W68T050152;;5W52D4;S-O SEBAST;ZARATE;SOUTHERN ACE;FOB
67027810;9BWDB05W68T050393;;5W52D4;S-O SEBAST;ZARATE;SOUTHERN ACE;FOB
67027810;9BWDB05W68T050605;;5W52D4;S-O SEBAST;ZARATE;SOUTHERN ACE;FOB
67027810;9BWDB05W68T051219;;5W52D4;S-O SEBAST;ZARATE;SOUTHERN ACE;FOB
67027810;9BWDB05W68T051950;;5W52D4;S-O SEBAST;ZARATE;SOUTHERN ACE;FOB
67027810;9BWDB05W68T052936;;5W52D4;S-O SEBAST;ZARATE;SOUTHERN ACE;FOB
67027810;9BWDB05W68T053391;;5W52D4;S-O SEBAST;ZARATE;SOUTHERN ACE;FOB
67027810;9BWDB05W78T048152;;5W52D4;S-O SEBAST;ZARATE;SOUTHERN ACE;FOB
67027810;9BWDB05W78T048829;;5W52D4;S-O SEBAST;ZARATE;SOUTHERN ACE;FOB
67027810;9BWDB05W78T049723;;5W52D4;S-O SEBAST;ZARATE;SOUTHERN ACE;FOB
67027810;9BWDB05W78T050788;;5W52D4;S-O SEBAST;ZARATE;SOUTHERN ACE;FOB
67027810;9BWDB05W78T051150;;5W52D4;S-O SEBAST;ZARATE;SOUTHERN ACE;FOB
67027810;9BWDB05W78T051214;;5W52D4;S-O SEBAST;ZARATE;SOUTHERN ACE;FOB
67027810;9BWDB05W88T047737;;5W52D4;S-O SEBAST;ZARATE;SOUTHERN ACE;FOB
67027810;9BWDB05W88T049035;;5W52D4;S-O SEBAST;ZARATE;SOUTHERN ACE;FOB
67027810;9BWDB05W88T049486;;5W52D4;S-O SEBAST;ZARATE;SOUTHERN ACE;FOB
67027810;9BWDB05W88T049634;;5W52D4;S-O SEBAST;ZARATE;SOUTHERN ACE;FOB
67027810;9BWDB05W88T050198;;5W52D4;S-O SEBAST;ZARATE;SOUTHERN ACE;FOB
67027810;9BWDB05W88T052274;;5W52D4;S-O SEBAST;ZARATE;SOUTHERN ACE;FOB
67027810;9BWDB05W98T047391;;5W52D4;S-O SEBAST;ZARATE;SOUTHERN ACE;FOB
67027810;9BWDB05W98T048668;;5W52D4;S-O SEBAST;ZARATE;SOUTHERN ACE;FOB
67027810;9BWDB05W98T049111;;5W52D4;S-O SEBAST;ZARATE;SOUTHERN ACE;FOB
67027810;9BWDB05W98T049318;;5W52D4;S-O SEBAST;ZARATE;SOUTHERN ACE;FOB
67027810;9BWDB05W98T049674;;5W52D4;S-O SEBAST;ZARATE;SOUTHERN ACE;FOB
67027810;9BWDB05W98T049738;;5W52D4;S-O SEBAST;ZARATE;SOUTHERN ACE;FOB
67027810;9BWDB05W98T050176;;5W52D4;S-O SEBAST;ZARATE;SOUTHERN ACE;FOB
67027810;9BWDB05W98T050808;;5W52D4;S-O SEBAST;ZARATE;SOUTHERN ACE;FOB
67027810;9BWDB05W98T051229;;5W52D4;S-O SEBAST;ZARATE;SOUTHERN ACE;FOB
67027810;9BWDB05W98T051540;;5W52D4;S-O SEBAST;ZARATE;SOUTHERN ACE;FOB
67027810;9BWDB05W98T052784;;5W52D4;S-O SEBAST;ZARATE;SOUTHERN ACE;FOB
67027810;9BWDB05W98T055765;;5W52D4;S-O SEBAST;ZARATE;SOUTHERN ACE;FOB
67027811;9BWDD45W38T055634;;5W56J4;S-O SEBAST;ZARATE;SOUTHERN ACE;FOB
67027811;9BWDD45W48T054623;;5W56J4;S-O SEBAST;ZARATE;SOUTHERN ACE;FOB
67027811;9BWDD45W58T056364;;5W56J4;S-O SEBAST;ZARATE;SOUTHERN ACE;FOB
67027811;9BWDD45W68T054560;;5W56J4;S-O SEBAST;ZARATE;SOUTHERN ACE;FOB
67027811;9BWDD45W68T055952;;5W56J4;S-O SEBAST;ZARATE;SOUTHERN ACE;FOB
67027811;9BWDD45W78T054633;;5W56J4;S-O SEBAST;ZARATE;SOUTHERN ACE;FOB
67027811;9BWDB45WX8T041249;;5W56D4;S-O SEBAST;ZARATE;SOUTHERN ACE;FOB
67027811;9BWDB45WX8T045706;;5W56D4;S-O SEBAST;ZARATE;SOUTHERN ACE;FOB
67027811;9BWDB45WX8T050257;;5W56D4;S-O SEBAST;ZARATE;SOUTHERN ACE;FOB
67027811;9BWDB45WX8T052512;;5W56D4;S-O SEBAST;ZARATE;SOUTHERN ACE;FOB
67027811;9BWDB45WX8T052977;;5W56D4;S-O SEBAST;ZARATE;SOUTHERN ACE;FOB
67027811;9BWDB45WX8T053272;;5W56D4;S-O SEBAST;ZARATE;SOUTHERN ACE;FOB
67027811;9BWDB45WX8T053546;;5W56D4;S-O SEBAST;ZARATE;SOUTHERN ACE;FOB
67027811;9BWDB45WX8T053725;;5W56D4;S-O SEBAST;ZARATE;SOUTHERN ACE;FOB
67027811;9BWDB45WX8T054020;;5W56D4;S-O SEBAST;ZARATE;SOUTHERN ACE;FOB
67027811;9BWDB45WX8T054941;;5W56D4;S-O SEBAST;ZARATE;SOUTHERN ACE;FOB
67027811;9BWDB45WX8T055314;;5W56D4;S-O SEBAST;ZARATE;SOUTHERN ACE;FOB
67027811;9BWDB45WX8T055894;;5W56D4;S-O SEBAST;ZARATE;SOUTHERN ACE;FOB
67027811;9BWDB45W08T044919;;5W56D4;S-O SEBAST;ZARATE;SOUTHERN ACE;FOB
67027811;9BWDB45W08T047822;;5W56D4;S-O SEBAST;ZARATE;SOUTHERN ACE;FOB
67027811;9BWDB45W08T048386;;5W56D4;S-O SEBAST;ZARATE;SOUTHERN ACE;FOB
67027811;9BWDB45W08T049506;;5W56D4;S-O SEBAST;ZARATE;SOUTHERN ACE;FOB
67027811;9BWDB45W08T052521;;5W56D4;S-O SEBAST;ZARATE;SOUTHERN ACE;FOB
67027811;9BWDB45W08T052843;;5W56D4;S-O SEBAST;ZARATE;SOUTHERN ACE;FOB
67027811;9BWDB45W08T052938;;5W56D4;S-O SEBAST;ZARATE;SOUTHERN ACE;FOB
67027811;9BWDB45W18T045061;;5W56D4;S-O SEBAST;ZARATE;SOUTHERN ACE;FOB
67027811;9BWDB45W18T046713;;5W56D4;S-O SEBAST;ZARATE;SOUTHERN ACE;FOB
67027811;9BWDB45W18T051457;;5W56D4;S-O SEBAST;ZARATE;SOUTHERN ACE;FOB
67027811;9BWDB45W18T052480;;5W56D4;S-O SEBAST;ZARATE;SOUTHERN ACE;FOB
67027811;9BWDB45W18T053872;;5W56D4;S-O SEBAST;ZARATE;SOUTHERN ACE;FOB
67027811;9BWDB45W18T054889;;5W56D4;S-O SEBAST;ZARATE;SOUTHERN ACE;FOB
67027811;9BWDB45W28T041259;;5W56D4;S-O SEBAST;ZARATE;SOUTHERN ACE;FOB
67027811;9BWDB45W28T041309;;5W56D4;S-O SEBAST;ZARATE;SOUTHERN ACE;FOB
67027811;9BWDB45W28T047627;;5W56D4;S-O SEBAST;ZARATE;SOUTHERN ACE;FOB
67027811;9BWDB45W28T047952;;5W56D4;S-O SEBAST;ZARATE;SOUTHERN ACE;FOB
67027811;9BWDB45W28T048437;;5W56D4;S-O SEBAST;ZARATE;SOUTHERN ACE;FOB
67027811;9BWDB45W28T048633;;5W56D4;S-O SEBAST;ZARATE;SOUTHERN ACE;FOB
67027811;9BWDB45W28T049748;;5W56D4;S-O SEBAST;ZARATE;SOUTHERN ACE;FOB
67027811;9BWDB45W28T051483;;5W56D4;S-O SEBAST;ZARATE;SOUTHERN ACE;FOB
67027811;9BWDB45W28T052147;;5W56D4;S-O SEBAST;ZARATE;SOUTHERN ACE;FOB
67027811;9BWDB45W28T052598;;5W56D4;S-O SEBAST;ZARATE;SOUTHERN ACE;FOB
67027811;9BWDB45W28T053461;;5W56D4;S-O SEBAST;ZARATE;SOUTHERN ACE;FOB
67027811;9BWDB45W28T055307;;5W56D4;S-O SEBAST;ZARATE;SOUTHERN ACE;FOB
67027811;9BWDB45W28T055906;;5W56D4;S-O SEBAST;ZARATE;SOUTHERN ACE;FOB
67027811;9BWDB45W38T040251;;5W56D4;S-O SEBAST;ZARATE;SOUTHERN ACE;FOB
67027811;9BWDB45W38T043019;;5W56D4;S-O SEBAST;ZARATE;SOUTHERN ACE;FOB
67027811;9BWDB45W38T050293;;5W56D4;S-O SEBAST;ZARATE;SOUTHERN ACE;FOB
67027811;9BWDB45W38T051797;;5W56D4;S-O SEBAST;ZARATE;SOUTHERN ACE;FOB
67027811;9BWDB45W38T052691;;5W56D4;S-O SEBAST;ZARATE;SOUTHERN ACE;FOB
67027811;9BWDB45W38T053839;;5W56D4;S-O SEBAST;ZARATE;SOUTHERN ACE;FOB
67027811;9BWDB45W38T055932;;5W56D4;S-O SEBAST;ZARATE;SOUTHERN ACE;FOB
67027811;9BWDB45W38T056370;;5W56D4;S-O SEBAST;ZARATE;SOUTHERN ACE;FOB
67027811;9BWDB45W48T041974;;5W56D4;S-O SEBAST;ZARATE;SOUTHERN ACE;FOB
67027811;9BWDB45W48T047757;;5W56D4;S-O SEBAST;ZARATE;SOUTHERN ACE;FOB
67027811;9BWDB45W48T048049;;5W56D4;S-O SEBAST;ZARATE;SOUTHERN ACE;FOB
67027811;9BWDB45W48T048391;;5W56D4;S-O SEBAST;ZARATE;SOUTHERN ACE;FOB
67027811;9BWDB45W48T049220;;5W56D4;S-O SEBAST;ZARATE;SOUTHERN ACE;FOB
67027811;9BWDB45W48T049718;;5W56D4;S-O SEBAST;ZARATE;SOUTHERN ACE;FOB
67027811;9BWDB45W48T052070;;5W56D4;S-O SEBAST;ZARATE;SOUTHERN ACE;FOB
67027811;9BWDB45W48T052800;;5W56D4;S-O SEBAST;ZARATE;SOUTHERN ACE;FOB
67027811;9BWDB45W48T055065;;5W56D4;S-O SEBAST;ZARATE;SOUTHERN ACE;FOB
67027811;9BWDB45W58T047993;;5W56D4;S-O SEBAST;ZARATE;SOUTHERN ACE;FOB
67027811;9BWDB45W58T048447;;5W56D4;S-O SEBAST;ZARATE;SOUTHERN ACE;FOB
67027811;9BWDB45W58T051901;;5W56D4;S-O SEBAST;ZARATE;SOUTHERN ACE;FOB
67027811;9BWDB45W58T052076;;5W56D4;S-O SEBAST;ZARATE;SOUTHERN ACE;FOB
67027811;9BWDB45W58T052238;;5W56D4;S-O SEBAST;ZARATE;SOUTHERN ACE;FOB
67027811;9BWDB45W58T052417;;5W56D4;S-O SEBAST;ZARATE;SOUTHERN ACE;FOB
67027811;9BWDB45W58T052451;;5W56D4;S-O SEBAST;ZARATE;SOUTHERN ACE;FOB
67027811;9BWDB45W58T053177;;5W56D4;S-O SEBAST;ZARATE;SOUTHERN ACE;FOB
67027811;9BWDB45W58T053194;;5W56D4;S-O SEBAST;ZARATE;SOUTHERN ACE;FOB
67027811;9BWDB45W58T053745;;5W56D4;S-O SEBAST;ZARATE;SOUTHERN ACE;FOB
67027811;9BWDB45W58T055060;;5W56D4;S-O SEBAST;ZARATE;SOUTHERN ACE;FOB
67027811;9BWDB45W68T036646;;5W56D4;S-O SEBAST;ZARATE;SOUTHERN ACE;FOB
67027811;9BWDB45W68T038686;;5W56D4;S-O SEBAST;ZARATE;SOUTHERN ACE;FOB
67027811;9BWDB45W68T045508;;5W56D4;S-O SEBAST;ZARATE;SOUTHERN ACE;FOB
67027811;9BWDB45W68T048442;;5W56D4;S-O SEBAST;ZARATE;SOUTHERN ACE;FOB
67027811;9BWDB45W68T048473;;5W56D4;S-O SEBAST;ZARATE;SOUTHERN ACE;FOB
67027811;9BWDB45W68T049025;;5W56D4;S-O SEBAST;ZARATE;SOUTHERN ACE;FOB
67027811;9BWDB45W68T049879;;5W56D4;S-O SEBAST;ZARATE;SOUTHERN ACE;FOB
67027811;9BWDB45W68T052894;;5W56D4;S-O SEBAST;ZARATE;SOUTHERN ACE;FOB
67027811;9BWDB45W68T053088;;5W56D4;S-O SEBAST;ZARATE;SOUTHERN ACE;FOB
67027811;9BWDB45W68T053110;;5W56D4;S-O SEBAST;ZARATE;SOUTHERN ACE;FOB
67027811;9BWDB45W68T053477;;5W56D4;S-O SEBAST;ZARATE;SOUTHERN ACE;FOB
67027811;9BWDB45W68T053799;;5W56D4;S-O SEBAST;ZARATE;SOUTHERN ACE;FOB
67027811;9BWDB45W68T054399;;5W56D4;S-O SEBAST;ZARATE;SOUTHERN ACE;FOB
67027811;9BWDB45W68T056007;;5W56D4;S-O SEBAST;ZARATE;SOUTHERN ACE;FOB
67027811;9BWDB45W78T044934;;5W56D4;S-O SEBAST;ZARATE;SOUTHERN ACE;FOB
67027811;9BWDB45W78T045243;;5W56D4;S-O SEBAST;ZARATE;SOUTHERN ACE;FOB
67027811;9BWDB45W78T047333;;5W56D4;S-O SEBAST;ZARATE;SOUTHERN ACE;FOB
67027811;9BWDB45W78T048496;;5W56D4;S-O SEBAST;ZARATE;SOUTHERN ACE;FOB
67027811;9BWDB45W78T048658;;5W56D4;S-O SEBAST;ZARATE;SOUTHERN ACE;FOB
67027811;9BWDB45W78T049812;;5W56D4;S-O SEBAST;ZARATE;SOUTHERN ACE;FOB
67027811;9BWDB45W78T052015;;5W56D4;S-O SEBAST;ZARATE;SOUTHERN ACE;FOB
67027811;9BWDB45W78T052046;;5W56D4;S-O SEBAST;ZARATE;SOUTHERN ACE;FOB
67027811;9BWDB45W78T052726;;5W56D4;S-O SEBAST;ZARATE;SOUTHERN ACE;FOB
67027811;9BWDB45W78T053441;;5W56D4;S-O SEBAST;ZARATE;SOUTHERN ACE;FOB
67027811;9BWDB45W78T053519;;5W56D4;S-O SEBAST;ZARATE;SOUTHERN ACE;FOB
67027811;9BWDB45W78T053889;;5W56D4;S-O SEBAST;ZARATE;SOUTHERN ACE;FOB
67027811;9BWDB45W78T054122;;5W56D4;S-O SEBAST;ZARATE;SOUTHERN ACE;FOB
67027811;9BWDB45W78T054394;;5W56D4;S-O SEBAST;ZARATE;SOUTHERN ACE;FOB
67027811;9BWDB45W88T045235;;5W56D4;S-O SEBAST;ZARATE;SOUTHERN ACE;FOB
67027811;9BWDB45W88T047552;;5W56D4;S-O SEBAST;ZARATE;SOUTHERN ACE;FOB
67027811;9BWDB45W88T048331;;5W56D4;S-O SEBAST;ZARATE;SOUTHERN ACE;FOB
67027811;9BWDB45W88T048426;;5W56D4;S-O SEBAST;ZARATE;SOUTHERN ACE;FOB
67027811;9BWDB45W88T052623;;5W56D4;S-O SEBAST;ZARATE;SOUTHERN ACE;FOB
67027811;9BWDB45W88T052864;;5W56D4;S-O SEBAST;ZARATE;SOUTHERN ACE;FOB
67027811;9BWDB45W88T054727;;5W56D4;S-O SEBAST;ZARATE;SOUTHERN ACE;FOB
67027811;9BWDB45W88T055070;;5W56D4;S-O SEBAST;ZARATE;SOUTHERN ACE;FOB
67027811;9BWDB45W88T055666;;5W56D4;S-O SEBAST;ZARATE;SOUTHERN ACE;FOB
67027811;9BWDB45W88T056526;;5W56D4;S-O SEBAST;ZARATE;SOUTHERN ACE;FOB
67027811;9BWDB45W98T039721;;5W56D4;S-O SEBAST;ZARATE;SOUTHERN ACE;FOB
67027811;9BWDB45W98T048421;;5W56D4;S-O SEBAST;ZARATE;SOUTHERN ACE;FOB
67027811;9BWDB45W98T050122;;5W56D4;S-O SEBAST;ZARATE;SOUTHERN ACE;FOB
67027811;9BWDB45W98T050511;;5W56D4;S-O SEBAST;ZARATE;SOUTHERN ACE;FOB
67027811;9BWDB45W98T050542;;5W56D4;S-O SEBAST;ZARATE;SOUTHERN ACE;FOB
67027811;9BWDB45W98T050783;;5W56D4;S-O SEBAST;ZARATE;SOUTHERN ACE;FOB
67027811;9BWDB45W98T053277;;5W56D4;S-O SEBAST;ZARATE;SOUTHERN ACE;FOB
67027811;9BWDB45W98T054638;;5W56D4;S-O SEBAST;ZARATE;SOUTHERN ACE;FOB
67027811;9BWDB45W98T055837;;5W56D4;S-O SEBAST;ZARATE;SOUTHERN ACE;FOB
67027811;9BWDD45WX8T055629;;5W56J4;S-O SEBAST;ZARATE;SOUTHERN ACE;FOB
67027811;9BWDD45WX8T055856;;5W56J4;S-O SEBAST;ZARATE;SOUTHERN ACE;FOB
67027811;9BWDD45W08T055624;;5W56J4;S-O SEBAST;ZARATE;SOUTHERN ACE;FOB
67027811;9BWDD45W08T056563;;5W56J4;S-O SEBAST;ZARATE;SOUTHERN ACE;FOB
67027812;9BWCB45WX8T049136;;5W12D4;S-O SEBAST;ZARATE;SOUTHERN ACE;FOB
67027812;9BWCB45W08T046441;;5W12D4;S-O SEBAST;ZARATE;SOUTHERN ACE;FOB
67027812;9BWCB45W08T048464;;5W12D4;S-O SEBAST;ZARATE;SOUTHERN ACE;FOB
67027812;9BWCB45W18T047307;;5W12D4;S-O SEBAST;ZARATE;SOUTHERN ACE;FOB
67027812;9BWCB45W38T052217;;5W12D4;S-O SEBAST;ZARATE;SOUTHERN ACE;FOB
67027812;9BWCB45W48T049388;;5W12D4;S-O SEBAST;ZARATE;SOUTHERN ACE;FOB
67027812;9BWCB45W58T048556;;5W12D4;S-O SEBAST;ZARATE;SOUTHERN ACE;FOB
67027812;9BWCB45W88T047708;;5W12D4;S-O SEBAST;ZARATE;SOUTHERN ACE;FOB
67027812;9BWCB45W98T048687;;5W12D4;S-O SEBAST;ZARATE;SOUTHERN ACE;FOB
67027812;9BWCB45W98T048785;;5W12D4;S-O SEBAST;ZARATE;SOUTHERN ACE;FOB
67027812;9BWCB45W98T050164;;5W12D4;S-O SEBAST;ZARATE;SOUTHERN ACE;FOB
67027812;9BWCD45W68T040587;;5W12J4;S-O SEBAST;ZARATE;SOUTHERN ACE;FOB
67027812;9BWCD45W78T041103;;5W12J4;S-O SEBAST;ZARATE;SOUTHERN ACE;FOB
67027812;9BWCD45W88T040591;;5W12J4;S-O SEBAST;ZARATE;SOUTHERN ACE;FOB
67027812;9BWCD45W98T041426;;5W12J4;S-O SEBAST;ZARATE;SOUTHERN ACE;FOB
67027815;9BWCB05WX8T057357;;5W10D4;S-O SEBAST;ZARATE;SOUTHERN ACE;FOB
67027815;9BWCB05WX8T057777;;5W10D4;S-O SEBAST;ZARATE;SOUTHERN ACE;FOB
67027815;9BWCB05W08T057531;;5W10D4;S-O SEBAST;ZARATE;SOUTHERN ACE;FOB
67027815;9BWCB05W08T057688;;5W10D4;S-O SEBAST;ZARATE;SOUTHERN ACE;FOB
67027815;9BWCB05W08T057951;;5W10D4;S-O SEBAST;ZARATE;SOUTHERN ACE;FOB
67027815;9BWCB05W08T057965;;5W10D4;S-O SEBAST;ZARATE;SOUTHERN ACE;FOB
67027815;9BWCB05W28T056977;;5W10D4;S-O SEBAST;ZARATE;SOUTHERN ACE;FOB
67027815;9BWCB05W28T057594;;5W10D4;S-O SEBAST;ZARATE;SOUTHERN ACE;FOB
67027815;9BWCB05W38T056972;;5W10D4;S-O SEBAST;ZARATE;SOUTHERN ACE;FOB
67027815;9BWCB05W38T057412;;5W10D4;S-O SEBAST;ZARATE;SOUTHERN ACE;FOB
67027815;9BWCB05W38T058186;;5W10D4;S-O SEBAST;ZARATE;SOUTHERN ACE;FOB
67027815;9BWCB05W48T057225;;5W10D4;S-O SEBAST;ZARATE;SOUTHERN ACE;FOB
67027815;9BWCB05W48T057516;;5W10D4;S-O SEBAST;ZARATE;SOUTHERN ACE;FOB
67027815;9BWCB05W58T057413;;5W10D4;S-O SEBAST;ZARATE;SOUTHERN ACE;FOB
67027815;9BWCB05W58T057444;;5W10D4;S-O SEBAST;ZARATE;SOUTHERN ACE;FOB
67027815;9BWCB05W58T057797;;5W10D4;S-O SEBAST;ZARATE;SOUTHERN ACE;FOB
67027815;9BWCB05W68T057551;;5W10D4;S-O SEBAST;ZARATE;SOUTHERN ACE;FOB
67027815;9BWCB05W68T057856;;5W10D4;S-O SEBAST;ZARATE;SOUTHERN ACE;FOB
67027815;9BWCB05W78T057719;;5W10D4;S-O SEBAST;ZARATE;SOUTHERN ACE;FOB
67027815;9BWCB05W78T057753;;5W10D4;S-O SEBAST;ZARATE;SOUTHERN ACE;FOB
67027815;9BWCB05W88T057647;;5W10D4;S-O SEBAST;ZARATE;SOUTHERN ACE;FOB
67027815;9BWCB05W88T057678;;5W10D4;S-O SEBAST;ZARATE;SOUTHERN ACE;FOB
67027815;9BWCB05W98T057608;;5W10D4;S-O SEBAST;ZARATE;SOUTHERN ACE;FOB
67027815;9BWCB45W38T047647;;5W11D4;S-O SEBAST;ZARATE;SOUTHERN ACE;FOB
67027815;9BWCB45W38T047941;;5W11D4;S-O SEBAST;ZARATE;SOUTHERN ACE;FOB
67027815;9BWCB45W88T048373;;5W11D4;S-O SEBAST;ZARATE;SOUTHERN ACE;FOB
67027815;9BWCD45W28T048380;;5W11J4;S-O SEBAST;ZARATE;SOUTHERN ACE;FOB
67027815;9BWCD45W48T045786;;5W11J4;S-O SEBAST;ZARATE;SOUTHERN ACE;FOB
67027815;9BWCD45W48T048025;;5W11J4;S-O SEBAST;ZARATE;SOUTHERN ACE;FOB
67027815;9BWCD45W88T052546;;5W11J4;S-O SEBAST;ZARATE;SOUTHERN ACE;FOB
67027815;9BWCD45W98T048036;;5W11J4;S-O SEBAST;ZARATE;SOUTHERN ACE;FOB
67027815;9BWCD45W98T050093;;5W11J4;S-O SEBAST;ZARATE;SOUTHERN ACE;FOB
67027845;9BWDD45W28T054748;;5W57J4;S-O SEBAST;ZARATE;SOUTHERN ACE;FOB
67027845;9BWDD45W78T054762;;5W57J4;S-O SEBAST;ZARATE;SOUTHERN ACE;FOB
67027889;9BWCB05WX8T058749;;5W10D4;S-O SEBAST;ZARATE;SOUTHERN ACE;FOB
67027889;9BWCB05W18T059417;;5W10D4;S-O SEBAST;ZARATE;SOUTHERN ACE;FOB
67027889;9BWCB05W38T059273;;5W10D4;S-O SEBAST;ZARATE;SOUTHERN ACE;FOB
67027889;9BWCB05W68T056447;;5W10D4;S-O SEBAST;ZARATE;SOUTHERN ACE;FOB
67027889;9BWCB05W88T059088;;5W10D4;S-O SEBAST;ZARATE;SOUTHERN ACE;FOB
67027865;9BWCA01JX84007260;;9B32F4;S-O SEBAST;ZARATE;SOUTHERN ACE;FOB
67027865;9BWCA01JX84007369;;9B32F4;S-O SEBAST;ZARATE;SOUTHERN ACE;FOB
67027865;9BWCA01J084007252;;9B32F4;S-O SEBAST;ZARATE;SOUTHERN ACE;FOB
67027865;9BWCA01J784005904;;9B32F4;S-O SEBAST;ZARATE;SOUTHERN ACE;FOB
67027865;9BWCA01J884005913;;9B32F4;S-O SEBAST;ZARATE;SOUTHERN ACE;FOB
67027865;9BWCA41JX84005838;;9B32F4;S-O SEBAST;ZARATE;SOUTHERN ACE;FOB
67027865;9BWCA41J284005848;;9B32F4;S-O SEBAST;ZARATE;SOUTHERN ACE;FOB
67027865;9BWCA41J384007060;;9B32F4;S-O SEBAST;ZARATE;SOUTHERN ACE;FOB
67027865;9BWCA41J684006260;;9B32F4;S-O SEBAST;ZARATE;SOUTHERN ACE;FOB
67027865;9BWCA41J784005845;;9B32F4;S-O SEBAST;ZARATE;SOUTHERN ACE;FOB
67027865;9BWEB41J684007141;;9B33H4;S-O SEBAST;ZARATE;SOUTHERN ACE;FOB
67027866;9BWKB05ZX84038257;;5Z11F4;S-O SEBAST;ZARATE;SOUTHERN ACE;FOB
67027866;9BWKB05ZX84039506;;5Z11F4;S-O SEBAST;ZARATE;SOUTHERN ACE;FOB
67027866;9BWKB05ZX84039540;;5Z11F4;S-O SEBAST;ZARATE;SOUTHERN ACE;FOB
67027866;9BWKB05ZX84039716;;5Z11F4;S-O SEBAST;ZARATE;SOUTHERN ACE;FOB
67027866;9BWKB05ZX84040199;;5Z11F4;S-O SEBAST;ZARATE;SOUTHERN ACE;FOB
67027866;9BWKB05Z084038395;;5Z11F4;S-O SEBAST;ZARATE;SOUTHERN ACE;FOB
67027866;9BWKB05Z084038669;;5Z11F4;S-O SEBAST;ZARATE;SOUTHERN ACE;FOB
67027866;9BWKB05Z084039000;;5Z11F4;S-O SEBAST;ZARATE;SOUTHERN ACE;FOB
67027866;9BWKB05Z084039028;;5Z11F4;S-O SEBAST;ZARATE;SOUTHERN ACE;FOB
67027866;9BWKB05Z084039482;;5Z11F4;S-O SEBAST;ZARATE;SOUTHERN ACE;FOB
67027866;9BWKB05Z084039949;;5Z11F4;S-O SEBAST;ZARATE;SOUTHERN ACE;FOB
67027866;9BWKB05Z084040227;;5Z11F4;S-O SEBAST;ZARATE;SOUTHERN ACE;FOB
67027866;9BWKB05Z084040423;;5Z11F4;S-O SEBAST;ZARATE;SOUTHERN ACE;FOB
67027866;9BWKB05Z184036736;;5Z11F4;S-O SEBAST;ZARATE;SOUTHERN ACE;FOB
67027866;9BWKB05Z184038664;;5Z11F4;S-O SEBAST;ZARATE;SOUTHERN ACE;FOB
67027866;9BWKB05Z184038955;;5Z11F4;S-O SEBAST;ZARATE;SOUTHERN ACE;FOB
67027866;9BWKB05Z184039510;;5Z11F4;S-O SEBAST;ZARATE;SOUTHERN ACE;FOB
67027866;9BWKB05Z184039894;;5Z11F4;S-O SEBAST;ZARATE;SOUTHERN ACE;FOB
67027866;9BWKB05Z184039944;;5Z11F4;S-O SEBAST;ZARATE;SOUTHERN ACE;FOB
67027866;9BWKB05Z184040270;;5Z11F4;S-O SEBAST;ZARATE;SOUTHERN ACE;FOB
67027866;9BWKB05Z284033165;;5Z11F4;S-O SEBAST;ZARATE;SOUTHERN ACE;FOB
67027866;9BWKB05Z284038477;;5Z11F4;S-O SEBAST;ZARATE;SOUTHERN ACE;FOB
67027866;9BWKB05Z284039743;;5Z11F4;S-O SEBAST;ZARATE;SOUTHERN ACE;FOB
67027866;9BWKB05Z284039967;;5Z11F4;S-O SEBAST;ZARATE;SOUTHERN ACE;FOB
67027866;9BWKB05Z284040195;;5Z11F4;S-O SEBAST;ZARATE;SOUTHERN ACE;FOB
67027866;9BWKB05Z284040293;;5Z11F4;S-O SEBAST;ZARATE;SOUTHERN ACE;FOB
67027866;9BWKB05Z284040309;;5Z11F4;S-O SEBAST;ZARATE;SOUTHERN ACE;FOB
67027866;9BWKB05Z384038746;;5Z11F4;S-O SEBAST;ZARATE;SOUTHERN ACE;FOB
67027866;9BWKB05Z384038939;;5Z11F4;S-O SEBAST;ZARATE;SOUTHERN ACE;FOB
67027866;9BWKB05Z384039492;;5Z11F4;S-O SEBAST;ZARATE;SOUTHERN ACE;FOB
67027866;9BWKB05Z384039556;;5Z11F4;S-O SEBAST;ZARATE;SOUTHERN ACE;FOB
67027866;9BWKB05Z384039749;;5Z11F4;S-O SEBAST;ZARATE;SOUTHERN ACE;FOB
67027866;9BWKB05Z384040187;;5Z11F4;S-O SEBAST;ZARATE;SOUTHERN ACE;FOB
67027866;9BWKB05Z384040609;;5Z11F4;S-O SEBAST;ZARATE;SOUTHERN ACE;FOB
67027866;9BWKB05Z484038738;;5Z11F4;S-O SEBAST;ZARATE;SOUTHERN ACE;FOB
67027866;9BWKB05Z484038951;;5Z11F4;S-O SEBAST;ZARATE;SOUTHERN ACE;FOB
67027866;9BWKB05Z484038979;;5Z11F4;S-O SEBAST;ZARATE;SOUTHERN ACE;FOB
67027866;9BWKB05Z484039209;;5Z11F4;S-O SEBAST;ZARATE;SOUTHERN ACE;FOB
67027866;9BWKB05Z484039288;;5Z11F4;S-O SEBAST;ZARATE;SOUTHERN ACE;FOB
67027866;9BWKB05Z484039405;;5Z11F4;S-O SEBAST;ZARATE;SOUTHERN ACE;FOB
67027866;9BWKB05Z484039453;;5Z11F4;S-O SEBAST;ZARATE;SOUTHERN ACE;FOB
67027866;9BWKB05Z484039498;;5Z11F4;S-O SEBAST;ZARATE;SOUTHERN ACE;FOB
67027866;9BWKB05Z484039548;;5Z11F4;S-O SEBAST;ZARATE;SOUTHERN ACE;FOB
67027866;9BWKB05Z484039873;;5Z11F4;S-O SEBAST;ZARATE;SOUTHERN ACE;FOB
67027866;9BWKB05Z484039923;;5Z11F4;S-O SEBAST;ZARATE;SOUTHERN ACE;FOB
67027866;9BWKB05Z484039954;;5Z11F4;S-O SEBAST;ZARATE;SOUTHERN ACE;FOB
67027866;9BWKB05Z484040246;;5Z11F4;S-O SEBAST;ZARATE;SOUTHERN ACE;FOB
67027866;9BWKB05Z484040800;;5Z11F4;S-O SEBAST;ZARATE;SOUTHERN ACE;FOB
67027866;9BWKB05Z584038778;;5Z11F4;S-O SEBAST;ZARATE;SOUTHERN ACE;FOB
67027866;9BWKB05Z584038988;;5Z11F4;S-O SEBAST;ZARATE;SOUTHERN ACE;FOB
67027866;9BWKB05Z584039722;;5Z11F4;S-O SEBAST;ZARATE;SOUTHERN ACE;FOB
67027866;9BWKB05Z584039736;;5Z11F4;S-O SEBAST;ZARATE;SOUTHERN ACE;FOB
67027866;9BWKB05Z584039980;;5Z11F4;S-O SEBAST;ZARATE;SOUTHERN ACE;FOB
67027866;9BWKB05Z584040191;;5Z11F4;S-O SEBAST;ZARATE;SOUTHERN ACE;FOB
67027866;9BWKB05Z584040241;;5Z11F4;S-O SEBAST;ZARATE;SOUTHERN ACE;FOB
67027866;9BWKB05Z584040613;;5Z11F4;S-O SEBAST;ZARATE;SOUTHERN ACE;FOB
67027866;9BWKB05Z684038935;;5Z11F4;S-O SEBAST;ZARATE;SOUTHERN ACE;FOB
67027866;9BWKB05Z684039681;;5Z11F4;S-O SEBAST;ZARATE;SOUTHERN ACE;FOB
67027866;9BWKB05Z684039888;;5Z11F4;S-O SEBAST;ZARATE;SOUTHERN ACE;FOB
67027866;9BWKB05Z684039986;;5Z11F4;S-O SEBAST;ZARATE;SOUTHERN ACE;FOB
67027866;9BWKB05Z684040183;;5Z11F4;S-O SEBAST;ZARATE;SOUTHERN ACE;FOB
67027866;9BWKB05Z784038801;;5Z11F4;S-O SEBAST;ZARATE;SOUTHERN ACE;FOB
67027866;9BWKB05Z784038961;;5Z11F4;S-O SEBAST;ZARATE;SOUTHERN ACE;FOB
67027866;9BWKB05Z784040211;;5Z11F4;S-O SEBAST;ZARATE;SOUTHERN ACE;FOB
67027866;9BWKB05Z884038967;;5Z11F4;S-O SEBAST;ZARATE;SOUTHERN ACE;FOB
67027866;9BWKB05Z884039035;;5Z11F4;S-O SEBAST;ZARATE;SOUTHERN ACE;FOB
67027866;9BWKB05Z884039519;;5Z11F4;S-O SEBAST;ZARATE;SOUTHERN ACE;FOB
67027866;9BWKB05Z884039536;;5Z11F4;S-O SEBAST;ZARATE;SOUTHERN ACE;FOB
67027866;9BWKB05Z884039570;;5Z11F4;S-O SEBAST;ZARATE;SOUTHERN ACE;FOB
67027866;9BWKB05Z884039598;;5Z11F4;S-O SEBAST;ZARATE;SOUTHERN ACE;FOB
67027866;9BWKB05Z884039648;;5Z11F4;S-O SEBAST;ZARATE;SOUTHERN ACE;FOB
67027866;9BWKB05Z884040251;;5Z11F4;S-O SEBAST;ZARATE;SOUTHERN ACE;FOB
67027866;9BWKB05Z884040265;;5Z11F4;S-O SEBAST;ZARATE;SOUTHERN ACE;FOB
67027866;9BWKB05Z984038928;;5Z11F4;S-O SEBAST;ZARATE;SOUTHERN ACE;FOB
67027866;9BWKB05Z984038993;;5Z11F4;S-O SEBAST;ZARATE;SOUTHERN ACE;FOB
67027866;9BWKB05Z984039514;;5Z11F4;S-O SEBAST;ZARATE;SOUTHERN ACE;FOB
67027866;9BWKB45Z084032460;;5Z11F4;S-O SEBAST;ZARATE;SOUTHERN ACE;FOB
67027866;9BWKB45Z184040955;;5Z11F4;S-O SEBAST;ZARATE;SOUTHERN ACE;FOB
67027866;9BWKB45Z284040608;;5Z11F4;S-O SEBAST;ZARATE;SOUTHERN ACE;FOB
67027866;9BWKB45Z384038463;;5Z11F4;S-O SEBAST;ZARATE;SOUTHERN ACE;FOB
67027866;9BWKB45Z784040796;;5Z11F4;S-O SEBAST;ZARATE;SOUTHERN ACE;FOB
67027866;9BWKB45Z884038104;;5Z11F4;S-O SEBAST;ZARATE;SOUTHERN ACE;FOB
67027888;9BWKB45Z484040190;;5Z14F4;S-O SEBAST;ZARATE;SOUTHERN ACE;FOB
67027888;9BWKB45Z884034456;;5Z14F4;S-O SEBAST;ZARATE;SOUTHERN ACE;FOB
67027888;9BWKB45Z884034733;;5Z14F4;S-O SEBAST;ZARATE;SOUTHERN ACE;FOB
67027888;9BWKB45Z984040931;;5Z14F4;S-O SEBAST;ZARATE;SOUTHERN ACE;FOB
